Timestamp,Milliseconds,X,Y,Z,manuever_acceleration,acc_dir_change,trip_id
2020-05-26 07:56:20,2,2.8212738,5.404892,8.21904,0.0,,TRIP031
2020-05-26 07:56:30,10001,-1.5236053,-1.6592102,14.331436,0.3844673130347835,3.4033305358045896,TRIP031
2020-05-26 07:56:40,20002,-0.15890503,-2.6330414,10.641968,0.0385161365819025,0.6825413223553423,TRIP031
2020-05-26 07:56:50,30001,1.2021942,-1.812439,9.426315,0.0462974646887372,0.6459467820919735,TRIP031
2020-05-26 07:57:00,40001,0.5419922,-2.6653595,10.225372,0.0545003818730649,0.3850580076331464,TRIP031
2020-05-26 07:57:10,50001,-0.37797546,-2.481018,9.46402,0.0210262950629812,0.3517959442479015,TRIP031
2020-05-26 07:57:20,60002,0.82870483,-4.1629333,9.699844,0.1734798014084137,0.3476832225189221,TRIP031
2020-05-26 07:59:02,162460,0.29299927,-5.7113953,8.885223,0.0143892118715551,0.1452429007562474,TRIP031
2020-05-26 08:00:57,276874,0.29299927,-5.7113953,8.885223,0.0,0.0,TRIP031
2020-05-26 08:01:11,291750,0.29299927,-5.7113953,8.885223,0.0,0.0,TRIP031
2020-05-26 08:01:48,328794,0.29299927,-5.7113953,8.885223,0.0,0.0,TRIP031
2020-05-26 08:01:56,336312,0.29299927,-5.7113953,8.885223,0.0,0.0,TRIP031
2020-05-26 08:02:04,344191,0.29299927,-5.7113953,8.885223,0.0,0.0,TRIP031
2020-05-26 08:02:14,354762,0.29299927,-5.7113953,8.885223,0.0,0.0,TRIP031
2020-05-26 08:02:20,360374,0.29299927,-5.7113953,8.885223,0.0,0.0,TRIP031
2020-05-26 08:06:57,637189,0.29299927,-5.7113953,8.885223,0.0,0.0,TRIP031
2020-05-26 08:07:00,640002,0.29299927,-5.7113953,8.885223,0.0,0.0,TRIP031
2020-05-26 08:07:29,668851,0.29299927,-5.7113953,8.885223,0.0,0.0,TRIP031
2020-05-26 08:10:59,878828,0.29299927,-5.7113953,8.885223,0.0,0.0,TRIP031
2020-05-26 08:11:11,891707,0.29299927,-5.7113953,8.885223,0.0,0.0,TRIP031
2020-05-26 08:11:58,938491,0.29299927,-5.7113953,8.885223,0.0,0.0,TRIP031
2020-05-26 08:12:23,963323,0.29299927,-5.7113953,8.885223,0.0,0.0,TRIP031
2020-05-26 08:12:52,991813,0.29299927,-5.7113953,8.885223,0.0,0.0,TRIP031
2020-05-26 13:06:26,2,2.0976257,5.820282,6.9010315,0.0,,TRIP032
2020-05-26 13:06:36,10003,0.07034302,-0.56625366,9.723785,0.561556943531713,2.6720914868838017,TRIP032
2020-05-26 13:06:46,20002,-0.055358887,0.3405609,10.77066,0.0225597767082805,3.1791431886077954,TRIP032
2020-05-26 13:06:56,30002,-0.62457275,0.20887756,9.584335,0.0313544026695799,1.086913999489373,TRIP032
2020-05-26 13:07:06,40002,-0.28878784,0.37826538,9.361069,0.0182672521750065,0.5960010759609187,TRIP032
2020-05-26 13:07:16,50002,-1.1860199,-0.2538147,10.82872,0.0736972306795036,5.153619220810655,TRIP032
2020-05-26 13:07:26,60002,0.023651123,-0.5722351,8.954056,0.0640151072458772,1.401278605769766,TRIP032
2020-05-26 13:09:00,154421,0.34448242,-0.4752655,11.496094,0.0001509894242329,0.5858832415118208,TRIP032
2020-05-26 13:10:57,271171,0.23014832,-1.8465424,9.905746,0.0109109186346514,0.5031928624979164,TRIP032
2020-05-26 13:11:33,307250,0.23014832,-1.8465424,9.905746,0.0,0.0,TRIP032
2020-05-26 13:14:01,455264,0.23014832,-1.8465424,9.905746,0.0,0.0,TRIP032
2020-05-26 13:16:36,610310,0.23014832,-1.8465424,9.905746,0.0,0.0,TRIP032
2020-05-26 13:18:59,753153,0.23014832,-1.8465424,9.905746,0.0,0.0,TRIP032
2020-05-26 19:34:31,3,-0.16967773,-0.36035156,13.198975,0.0,,TRIP033
2020-05-26 19:34:41,10001,-17.01648,5.6443024,11.517044,1.753336054149367,4.832183480335983,TRIP033
2020-05-26 19:34:51,20001,-0.40011597,-0.49562073,9.863846,1.729118348076229,5.071290527701189,TRIP033
2020-05-26 19:38:03,212486,-0.3109436,-2.1194916,9.62323,0.0078198686900496,0.5335104308100223,TRIP033
2020-05-26 19:39:44,313379,-0.3109436,-2.1194916,9.62323,0.0,0.0,TRIP033
2020-05-26 19:40:56,385342,-0.3109436,-2.1194916,9.62323,0.0,0.0,TRIP033
2020-05-26 19:43:06,514894,-0.3109436,-2.1194916,9.62323,0.0,0.0,TRIP033
2020-05-26 19:44:45,614008,-0.3109436,-2.1194916,9.62323,0.0,0.0,TRIP033
2020-05-26 19:51:01,990815,-0.3109436,-2.1194916,9.62323,0.0,0.0,TRIP033
2020-05-26 19:53:08,1117396,-0.3109436,-2.1194916,9.62323,0.0,0.0,TRIP033
2020-05-26 19:53:11,1120001,-0.3109436,-2.1194916,9.62323,0.0,0.0,TRIP033
2020-05-26 19:58:09,1418285,-0.3109436,-2.1194916,9.62323,0.0,0.0,TRIP033
2020-05-26 20:00:55,1584486,-0.3109436,-2.1194916,9.62323,0.0,0.0,TRIP033
2020-05-26 20:29:43,2,3.1528778,3.5535736,9.11087,0.0,,TRIP034
2020-05-26 20:29:53,10001,-0.6407318,-5.777237,8.321991,0.1062131171371471,2.526326230985714,TRIP034
2020-05-26 20:30:03,20002,-0.081100464,-0.9618988,8.882828,0.4846862656237765,0.0263409224599404,TRIP034
2020-05-26 20:30:13,30001,-0.48989868,-0.066467285,8.098129,0.0470971637662567,1.3518302255485748,TRIP034
2020-05-26 20:30:23,40002,-0.5653229,-0.776947,8.856491,0.0466418275270651,0.8069201823477252,TRIP034
2020-05-26 20:30:33,50001,-0.34565735,-1.702301,11.376984,0.077626552150744,0.428694573219859,TRIP034
2020-05-26 20:30:43,60001,0.4725647,-4.4239044,8.553024,0.271203273604793,0.3067466111127634,TRIP034
2020-05-26 20:30:55,72112,0.44084167,-4.6896667,8.827164,0.0215728376567216,0.0126898460493478,TRIP034
2020-05-26 20:31:06,83697,0.44084167,-4.6896667,8.827164,0.0,0.0,TRIP034
2020-05-26 20:34:03,260367,0.44084167,-4.6896667,8.827164,0.0,0.0,TRIP034
2020-05-26 20:34:23,280087,0.44084167,-4.6896667,8.827164,0.0,0.0,TRIP034
2020-05-26 20:35:07,324585,0.44084167,-4.6896667,8.827164,0.0,0.0,TRIP034
2020-05-26 20:37:02,438971,0.24990845,-1.4449158,7.4834137,0.0283598781963064,0.0775354432060555,TRIP034
2020-05-26 20:37:03,440001,2.501648,0.24179077,11.776215,1.0164440975377682,1.4958868415781057,TRIP034
2020-05-28 07:52:38,3,-0.8526306,5.741272,8.568588,0.0,,TRIP035
2020-05-28 07:52:48,10002,-0.43603516,-2.2787018,9.745346,0.3484541882987131,3.4780910433369225,TRIP035
2020-05-28 07:52:58,20003,-1.4954681,-1.410202,9.362869,0.0264515024152434,0.6256675285352038,TRIP035
2020-05-28 07:53:08,30002,-1.5020599,-1.1749725,10.125412,0.0148493328548828,0.0922439028818793,TRIP035
2020-05-28 07:53:18,40003,-0.6341553,-2.7862701,9.653168,0.0950405823192701,0.6831905216099956,TRIP035
2020-05-28 07:53:28,50002,-2.2029572,-3.010727,10.781433,0.0873177697396908,0.4078997999043683,TRIP035
2020-05-28 07:53:38,60003,-0.5599365,-4.798004,9.431702,0.1099840131542657,0.5155112021854427,TRIP035
2020-05-28 07:54:21,103303,-0.4988861,-3.7403564,9.237762,0.0244130734815122,0.0164202388242566,TRIP035
2020-05-28 07:54:40,122092,-0.15710449,-1.1019592,8.6128845,0.1415923328646235,0.009017321955121,TRIP035
2020-05-28 07:55:51,193204,-0.7520752,-1.231842,10.069748,0.0046430451075792,0.4065114124583737,TRIP035
2020-05-28 07:56:08,210584,-0.6796417,-2.6091003,9.343109,0.0720879737546859,0.293299466517086,TRIP035
2020-05-28 07:56:39,241821,0.3360901,-1.9363251,10.2295685,0.023398236187003,0.4266848607005107,TRIP035
2020-05-28 08:00:59,501918,0.3360901,-1.9363251,10.2295685,0.0,0.0,TRIP035
2020-05-28 08:01:13,514973,0.3360901,-1.9363251,10.2295685,0.0,0.0,TRIP035
2020-05-28 08:01:24,526757,0.3360901,-1.9363251,10.2295685,0.0,0.0,TRIP035
2020-05-28 08:01:50,552799,0.3360901,-1.9363251,10.2295685,0.0,0.0,TRIP035
2020-05-28 08:02:04,566245,0.3360901,-1.9363251,10.2295685,0.0,0.0,TRIP035
2020-05-28 08:03:53,675719,0.3360901,-1.9363251,10.2295685,0.0,0.0,TRIP035
2020-05-28 08:04:08,690189,0.3360901,-1.9363251,10.2295685,0.0,0.0,TRIP035
2020-05-28 08:06:28,830646,0.3360901,-1.9363251,10.2295685,0.0,0.0,TRIP035
2020-05-28 08:08:41,963432,0.3360901,-1.9363251,10.2295685,0.0,0.0,TRIP035
2020-05-28 08:10:57,1099383,0.3360901,-1.9363251,10.2295685,0.0,0.0,TRIP035
2020-05-28 08:11:07,1109854,0.3360901,-1.9363251,10.2295685,0.0,0.0,TRIP035
2020-05-28 08:11:08,1110003,0.3360901,-1.9363251,10.2295685,0.0,0.0,TRIP035
2020-05-29 07:57:31,3,2.275406,5.914856,7.3038483,0.0,,TRIP036
2020-05-29 07:57:41,10002,-0.81552124,-0.52615356,9.783051,0.5367443021691799,3.7721716811163226,TRIP036
2020-05-29 07:57:51,20001,-2.2867584,0.10293579,8.8116,0.1318684116803904,5.66522631255091,TRIP036
2020-05-29 07:58:01,30002,-1.1764374,0.19210815,9.590317,0.1096944797221596,0.1168843686101261,TRIP036
2020-05-29 07:58:11,40001,-3.111557,-1.9692535,9.043243,0.2490585636348721,5.557069089921012,TRIP036
2020-05-29 07:58:21,50001,-2.8218536,-1.7376099,10.405533,0.0368423990476572,0.0123146495523065,TRIP036
2020-05-29 07:58:31,60001,-3.1253204,-2.1506195,8.729004,0.047985122327755,0.0507797300288426,TRIP036
2020-05-29 08:00:57,205643,-2.7889404,-3.184311,9.748932,0.0030155141628195,0.2487784868670801,TRIP036
2020-05-29 08:01:13,221363,-2.7889404,-3.184311,9.748932,0.0,0.0,TRIP036
2020-05-29 08:01:52,260416,-2.7889404,-3.184311,9.748932,0.0,0.0,TRIP036
2020-05-29 08:05:08,457014,-2.7889404,-3.184311,9.748932,0.0,0.0,TRIP036
2020-05-29 08:05:16,464620,-2.7889404,-3.184311,9.748932,0.0,0.0,TRIP036
2020-05-29 08:07:00,568968,-2.7889404,-3.184311,9.748932,0.0,0.0,TRIP036
2020-05-29 08:07:01,570001,-2.7889404,-3.184311,9.748932,0.0,0.0,TRIP036
2020-05-29 08:08:35,664149,-2.7889404,-3.184311,9.748932,0.0,0.0,TRIP036
2020-05-29 08:08:51,679844,-2.7889404,-3.184311,9.748932,0.0,0.0,TRIP036
2020-05-29 08:08:51,680001,-2.7889404,-3.184311,9.748932,0.0,0.0,TRIP036
2020-05-29 08:10:26,774665,-2.7889404,-3.184311,9.748932,0.0,0.0,TRIP036
2020-05-29 08:10:50,798366,-2.7889404,-3.184311,9.748932,0.0,0.0,TRIP036
2020-05-29 08:10:55,804107,-2.7889404,-3.184311,9.748932,0.0,0.0,TRIP036
2020-05-29 08:11:13,821364,-2.7889404,-3.184311,9.748932,0.0,0.0,TRIP036
2020-05-29 08:15:18,1066548,-2.7889404,-3.184311,9.748932,0.0,0.0,TRIP036
2020-05-29 12:50:08,3,-0.9328308,5.819687,7.914978,0.0,,TRIP037
2020-05-29 12:50:18,10001,-0.7023926,-3.359085,9.338318,0.2462731260454384,3.506661833049611,TRIP037
2020-05-29 12:50:28,20002,-0.35643005,-2.5552368,9.413147,0.0851673909883565,0.0675365761010453,TRIP037
2020-05-29 12:50:38,30001,-0.60124207,-3.0909424,9.452042,0.0568956144152512,0.0535225743702305,TRIP037
2020-05-29 12:50:48,40001,-0.7933655,-1.207901,9.745941,0.1703727193582271,0.3890317075855611,TRIP037
2020-05-29 12:50:58,50002,-0.54496765,-2.809021,9.329346,0.1416106365984085,0.389524259847944,TRIP037
2020-05-29 12:51:08,60001,-0.42106628,-3.584137,9.089325,0.0747464243927818,0.074681282297738,TRIP037
2020-05-29 12:54:12,244035,-0.3582306,-3.6769104,9.103699,0.0004647732355153,0.0198239249709666,TRIP037
2020-05-30 08:00:49,4,1.900711,3.7953796,9.406555,0.0,,TRIP038
2020-05-30 08:00:59,10001,0.12062073,-2.5456543,9.656754,0.169671400540853,2.629960846922427,TRIP038
2020-05-30 08:01:09,20001,0.15892029,-3.3004303,9.063583,0.075574381717609,0.0007666387306883,TRIP038
2020-05-30 08:01:19,30001,0.20262146,-2.6623688,9.844696,0.0634186208579151,0.0278450560801746,TRIP038
2020-05-30 08:01:29,40002,-1.2171478,-3.1639557,9.377823,0.0719854777219805,0.4431996753381504,TRIP038
2020-05-30 08:01:39,50001,-0.37857056,-1.5700226,10.740128,0.1775153188833463,0.1306326443172176,TRIP038
2020-05-30 08:01:49,60001,-1.6247559,-2.9251404,7.697693,0.1731064912471247,0.2704066042957107,TRIP038
2020-05-30 08:02:36,107079,-0.22654724,-0.35076904,11.754669,0.0622056278646016,0.066444077584423,TRIP038
2020-05-30 08:03:00,130901,-0.22654724,-0.35076904,11.754669,0.0,0.0,TRIP038
2020-05-30 08:03:38,168911,-0.22654724,-0.35076904,11.754669,0.0,0.0,TRIP038
2020-05-30 08:06:14,324838,-0.22654724,-0.35076904,11.754669,0.0,0.0,TRIP038
2020-05-30 08:06:23,333941,0.19483948,-3.7541351,7.5019684,0.3670900072057269,0.6253118747720312,TRIP038
2020-05-30 08:06:37,347927,-0.518631,-0.9271698,8.7391815,0.192822935544177,0.5618620595925656,TRIP038
2020-05-30 08:06:52,363293,-1.352417,-1.6442413,10.199036,0.0694139693520511,0.1783124073105746,TRIP038
2020-05-30 08:07:01,372203,1.3302917,-1.6693726,10.042221,0.0006296571911469,1.361157387494356,TRIP038
2020-05-30 08:07:17,388118,1.3302917,-1.6693726,10.042221,0.0,0.0,TRIP038
2020-05-30 08:08:22,452630,1.3302917,-1.6693726,10.042221,0.0,0.0,TRIP038
2020-05-30 08:09:44,534410,1.3302917,-1.6693726,10.042221,0.0,0.0,TRIP038
2020-05-30 08:09:55,545823,1.3302917,-1.6693726,10.042221,0.0,0.0,TRIP038
2020-05-30 08:12:13,684264,1.3302917,-1.6693726,10.042221,0.0,0.0,TRIP038
2020-05-30 08:12:29,699692,1.3302917,-1.6693726,10.042221,0.0,0.0,TRIP038
2020-05-30 08:12:29,700003,1.3302917,-1.6693726,10.042221,0.0,0.0,TRIP038
2020-05-30 08:12:42,712663,1.3302917,-1.6693726,10.042221,0.0,0.0,TRIP038
2020-05-30 08:13:58,789021,1.3302917,-1.6693726,10.042221,0.0,0.0,TRIP038
2020-05-30 08:14:40,830386,1.3302917,-1.6693726,10.042221,0.0,0.0,TRIP038
2020-05-30 08:17:04,974423,1.3302917,-1.6693726,10.042221,0.0,0.0,TRIP038
2020-05-30 08:17:17,988094,1.3302917,-1.6693726,10.042221,0.0,0.0,TRIP038
2020-05-30 08:17:27,997739,1.3302917,-1.6693726,10.042221,0.0,0.0,TRIP038
23-05-2020 13:17,2,-1.3667755,5.986679,8.086151,0.0,,TRIP039
23-05-2020 13:17,10003,-1.0268097,-0.02935791,9.777664,0.5112976025399818,4.908261233973864,TRIP039
23-05-2020 13:17,20002,-0.87657166,0.22024536,9.823151,0.0123424247672353,6.0084397011662185,TRIP039
23-05-2020 13:17,30002,-0.6730652,0.44828796,9.717804,0.0095127807213229,0.3414062253849454,TRIP039
23-05-2020 13:18,40002,-0.85202026,0.26394653,9.789627,0.0083278059648548,0.287155049467612,TRIP039
23-05-2020 13:18,50003,-0.20977783,-0.9660797,9.789032,0.0096615991338166,4.625799748353937,TRIP039
23-05-2020 13:18,60002,-0.6150055,2.0787506,8.350113,0.1179342845279445,3.643064882789716,TRIP039
23-05-2020 13:19,134170,-0.8616028,1.7495422,9.398178,0.0029342040852467,0.1699598539045339,TRIP039
23-05-2020 13:19,155909,-0.8616028,1.7495422,9.398178,0.0,0.0,TRIP039
23-05-2020 13:21,242199,-0.8616028,1.7495422,9.398178,0.0,0.0,TRIP039
23-05-2020 13:21,260705,-0.8616028,1.7495422,9.398178,0.0,0.0,TRIP039
23-05-2020 13:23,341915,-0.8616028,1.7495422,9.398178,0.0,0.0,TRIP039
23-05-2020 13:26,545949,-0.8616028,1.7495422,9.398178,0.0,0.0,TRIP039
23-05-2020 13:28,648745,-0.8616028,1.7495422,9.398178,0.0,0.0,TRIP039
23-05-2020 13:29,726231,-0.8616028,1.7495422,9.398178,0.0,0.0,TRIP039
23-05-2020 13:29,734131,-0.8616028,1.7495422,9.398178,0.0,0.0,TRIP039
23-05-2020 13:29,755966,-0.8616028,1.7495422,9.398178,0.0,0.0,TRIP039
23-05-2020 13:30,760649,-0.8616028,1.7495422,9.398178,0.0,0.0,TRIP039
23-05-2020 13:30,773266,-0.8616028,1.7495422,9.398178,0.0,0.0,TRIP039
23-05-2020 13:33,943608,-0.8616028,1.7495422,9.398178,0.0,0.0,TRIP039
24-05-2020 07:53,4,-1.7684021,4.8638,8.378845,0.0,,TRIP040
24-05-2020 07:53,10003,-0.6078186,-4.4149323,8.920532,0.0718802174768656,3.627131124898945,TRIP040
24-05-2020 07:54,20004,-2.1844025,-3.7547302,9.954834,0.0112648050648845,0.390096529110141,TRIP040
24-05-2020 07:54,30003,0.3636322,-2.0243225,10.193649,0.2287422428909707,0.70464587288674,TRIP040
24-05-2020 07:54,40003,-0.11759949,-1.8214111,9.607071,0.0231519552402781,0.2422115866954908,TRIP040
24-05-2020 07:54,50003,1.7079773,-3.1406097,9.665131,0.1749795145651813,0.5625741795490817,TRIP040
24-05-2020 07:54,60004,0.40014648,-1.3060608,8.558411,0.2208793924856519,0.2008020472275886,TRIP040
24-05-2020 07:57,243435,1.0256195,-3.208252,9.957825,0.0109153678658706,0.0121176177378414,TRIP040
24-05-2020 07:57,250124,1.0256195,-3.208252,9.957825,0.0,0.0,TRIP040
24-05-2020 08:00,375796,1.0256195,-3.208252,9.957825,0.0,0.0,TRIP040
24-05-2020 08:01,462789,1.0256195,-3.208252,9.957825,0.0,0.0,TRIP040
24-05-2020 08:03,608756,1.0256195,-3.208252,9.957825,0.0,0.0,TRIP040
24-05-2020 08:06,775187,1.0256195,-3.208252,9.957825,0.0,0.0,TRIP040
24-05-2020 08:10,977149,1.0256195,-3.208252,9.957825,0.0,0.0,TRIP040
24-05-2020 08:11,1058364,1.0256195,-3.208252,9.957825,0.0,0.0,TRIP040
24-05-2020 08:11,1060003,0.4611969,4.029419,11.802551,0.4194789982108327,2.7182169611041616,TRIP040
2020-05-24 12:20:06,5,-1.1848145,5.5772705,8.362686,0.0,,TRIP041
2020-05-24 12:20:16,10001,-0.7275238,-0.099975586,9.818359,0.4969357380062058,4.785149733776396,TRIP041
2020-05-24 12:20:26,20002,-0.7263336,0.32798767,9.818359,0.0062587255672859,5.722466074934289,TRIP041
2020-05-24 12:20:36,30001,-0.3725891,0.1244812,9.736954,0.0404161314479013,0.1017171572931716,TRIP041
2020-05-24 12:20:46,40001,-0.9914856,1.7303925,9.589722,0.1601483840856168,0.7280407276429326,TRIP041
2020-05-24 12:20:56,50002,-0.755661,-1.9327393,10.17569,0.0080886486373625,4.034615611537183,TRIP041
2020-05-24 12:21:06,60001,-0.14094543,1.1432037,9.704636,0.0923444818601873,3.636969248828235,TRIP041
2020-05-24 12:24:09,243618,-0.20500183,0.98698425,9.6328125,0.0007832067256863,0.082122559506176,TRIP041
2020-05-24 12:24:30,264120,-0.20500183,0.98698425,9.6328125,0.0,0.0,TRIP041
2020-05-24 12:25:02,296044,-0.20500183,0.98698425,9.6328125,0.0,0.0,TRIP041
2020-05-24 12:25:34,328762,-0.20500183,0.98698425,9.6328125,0.0,0.0,TRIP041
2020-05-24 12:25:36,330251,-0.20500183,0.98698425,9.6328125,0.0,0.0,TRIP041
2020-05-24 12:25:48,342251,-0.20500183,0.98698425,9.6328125,0.0,0.0,TRIP041
2020-05-24 12:26:04,358579,-0.20500183,0.98698425,9.6328125,0.0,0.0,TRIP041
2020-05-24 12:27:18,432149,-0.20500183,0.98698425,9.6328125,0.0,0.0,TRIP041
2020-05-24 12:27:28,442360,-0.20500183,0.98698425,9.6328125,0.0,0.0,TRIP041
2020-05-24 12:27:43,457112,-0.20500183,0.98698425,9.6328125,0.0,0.0,TRIP041
2020-05-24 12:27:46,460121,-0.20500183,0.98698425,9.6328125,0.0,0.0,TRIP041
2020-05-24 12:27:58,472137,-0.20500183,0.98698425,9.6328125,0.0,0.0,TRIP041
2020-05-24 12:28:08,482538,-0.20500183,0.98698425,9.6328125,0.0,0.0,TRIP041
2020-05-25 08:01:43,2,-0.29597473,7.5740356,6.5802,0.0,,TRIP042
2020-05-25 08:01:53,10002,0.19664001,-1.5544586,9.918915,0.601296959691307,3.054818052049021,TRIP042
2020-05-25 08:02:03,20003,-0.61021423,-5.2624817,8.639816,0.3730522615907281,0.241272327941753,TRIP042
2020-05-25 08:02:13,30003,-0.6401367,-1.2108917,9.981766,0.3928058651357641,0.3708632189966843,TRIP042
2020-05-25 08:02:23,40002,0.2445221,-2.2733154,10.118835,0.0916836097855372,0.5934532025902688,TRIP042
2020-05-25 08:02:33,50002,-0.427063,-0.058685303,9.453842,0.1855351917834535,1.5413855058171375,TRIP042
2020-05-25 08:02:43,60002,1.3697968,-3.3231812,9.925507,0.3163346686872248,1.8252099948300324,TRIP042
2020-05-25 08:03:15,91307,0.288208,-0.5423126,10.25769,0.0952015301738891,0.097509700481998,TRIP042
2020-05-25 08:03:53,129280,-0.31692505,-3.2363892,8.842728,0.0694633192291023,0.5860983993862574,TRIP042
2020-05-25 08:03:58,134886,-0.31692505,-3.2363892,8.842728,0.0,0.0,TRIP042
2020-05-25 08:04:36,172907,-0.31692505,-3.2363892,8.842728,0.0,0.0,TRIP042
2020-05-25 08:05:46,242442,-0.31692505,-3.2363892,8.842728,0.0,0.0,TRIP042
2020-05-25 08:05:57,253343,0.31155396,-1.3120422,10.0954895,0.1746027295536433,0.330753631530257,TRIP042
2020-05-25 08:07:19,335247,0.31155396,-1.3120422,10.0954895,0.0,0.0,TRIP042
2020-05-25 08:07:52,368194,0.31155396,-1.3120422,10.0954895,0.0,0.0,TRIP042
2020-05-25 08:07:54,370593,0.31155396,-1.3120422,10.0954895,0.0,0.0,TRIP042
2020-05-25 08:10:48,544436,0.31155396,-1.3120422,10.0954895,0.0,0.0,TRIP042
2020-05-25 08:10:55,551321,0.31155396,-1.3120422,10.0954895,0.0,0.0,TRIP042
2020-05-25 08:11:11,567986,0.31155396,-1.3120422,10.0954895,0.0,0.0,TRIP042
2020-05-25 08:12:40,656888,0.31155396,-1.3120422,10.0954895,0.0,0.0,TRIP042
2020-05-25 08:12:54,670489,0.31155396,-1.3120422,10.0954895,0.0,0.0,TRIP042
2020-05-25 08:13:21,698084,0.31155396,-1.3120422,10.0954895,0.0,0.0,TRIP042
2020-05-25 08:13:58,734395,0.31155396,-1.3120422,10.0954895,0.0,0.0,TRIP042
2020-05-25 08:14:21,757372,0.31155396,-1.3120422,10.0954895,0.0,0.0,TRIP042
2020-05-25 08:14:34,770838,0.31155396,-1.3120422,10.0954895,0.0,0.0,TRIP042
2020-05-25 08:14:49,785348,0.31155396,-1.3120422,10.0954895,0.0,0.0,TRIP042
2020-05-25 08:16:00,856177,0.31155396,-1.3120422,10.0954895,0.0,0.0,TRIP042
2020-05-25 08:17:57,973587,0.31155396,-1.3120422,10.0954895,0.0,0.0,TRIP042
2020-05-25 08:18:41,1018017,0.31155396,-1.3120422,10.0954895,0.0,0.0,TRIP042
2020-05-25 08:18:43,1020003,-0.747879,4.254471,9.0043335,1.4960619839598177,3.082462093443764,TRIP042
2020-05-25 21:26:55,3,1.8803558,4.6519165,10.383392,0.0,,TRIP043
2020-05-25 21:27:05,10002,-1.3164978,-1.2533875,8.894806,0.3200164441022201,3.56741224877058,TRIP043
2020-05-25 21:27:15,20002,-1.9378052,-0.93974304,10.460602,0.0335918263897587,0.3093083420256453,TRIP043
2020-05-25 21:27:25,30002,-0.9627533,-2.8144073,9.826736,0.0820872753329741,0.7896571418317131,TRIP043
2020-05-25 21:27:35,40002,-0.39772034,-2.9784088,9.805191,0.003032395240277,0.1968528783861236,TRIP043
2020-05-25 21:27:45,50003,-0.51264954,-2.3164062,11.187241,0.0632326977975234,0.0850526399400846,TRIP043
2020-05-25 21:27:55,60003,-0.5419769,0.1071167,8.365677,0.1819995139034576,4.735064816430295,TRIP043
2020-05-25 21:28:44,108952,0.5007019,-1.4622803,9.904556,0.0202898371561934,4.187364271088232,TRIP043
2020-05-25 21:30:57,241564,0.5007019,-1.4622803,9.904556,0.0,0.0,TRIP043
2020-05-25 21:31:11,256139,0.5007019,-1.4622803,9.904556,0.0,0.0,TRIP043
2020-05-25 21:31:33,277935,0.5007019,-1.4622803,9.904556,0.0,0.0,TRIP043
2020-05-25 21:36:34,578802,0.5007019,-1.4622803,9.904556,0.0,0.0,TRIP043
2020-05-25 21:39:20,745087,0.5007019,-1.4622803,9.904556,0.0,0.0,TRIP043
2021-02-03 13:48:00,9,-1.5023935,-1.2640085,9.501301,0.0,,TRIP044
2021-02-03 13:48:10,10003,-1.6196418,-1.215853,9.635597,0.0061871689633842,0.0554948308462619,TRIP044
2021-02-03 13:48:20,20001,-0.95383894,-0.253041,10.4261265,0.1038600614281193,0.3846303705539928,TRIP044
2021-02-03 13:48:30,30002,-0.84347,-0.87338024,8.03779,0.0227325386703869,0.5435041690383158,TRIP044
2021-02-03 13:48:40,40001,-0.9610174,-1.718944,10.160224,0.0755240669908416,0.2581950146477014,TRIP044
2021-02-03 13:48:50,50002,-0.11545369,-1.9800607,9.40798,0.0014076572497781,0.4515411212983193,TRIP044
2021-02-03 13:49:00,60002,1.2813566,-0.26739794,8.775378,0.0674463746674679,1.4233076022511495,TRIP044
2021-02-03 13:49:10,70023,-0.4746762,-0.5189434,8.56481,0.0604398727672718,2.1059415383119577,TRIP044
2021-02-03 13:49:20,80012,-1.4234303,-1.0866406,9.812667,0.1088699061380571,0.1779007881339773,TRIP044
2021-02-03 13:49:30,90000,0.57457656,-1.000499,9.585348,0.0637810065198015,1.4400774603037605,TRIP044
2021-02-03 13:49:40,100017,1.2523435,-0.9619147,10.100104,0.0424656854933129,0.394516167624553,TRIP044
2021-02-03 13:49:50,110040,-0.76689965,-0.5165506,9.669097,0.0652985530401221,1.8938553668496008,TRIP044
2021-02-03 13:50:00,120016,-0.089132644,-0.70348984,9.791131,0.0216044817181555,0.8520095127077962,TRIP044
2021-02-03 13:50:10,130022,-1.4138591,-1.4697913,10.253544,0.1329520624190833,0.6399751150093096,TRIP044
2021-02-03 13:50:20,140006,-1.4138591,-1.4697913,10.253544,0.0,0.0,TRIP044
2021-02-03 13:50:30,150032,-1.4138591,-1.4697913,10.253544,0.0,0.0,TRIP044
2021-02-03 13:50:40,160003,-1.4138591,-1.4697913,10.253544,0.0,0.0,TRIP044
2021-02-03 13:50:50,170003,-1.4138591,-1.4697913,10.253544,0.0,0.0,TRIP044
2021-02-03 13:51:00,180010,-1.4138591,-1.4697913,10.253544,0.0,0.0,TRIP044
2021-02-03 13:51:10,190012,-1.4138591,-1.4697913,10.253544,0.0,0.0,TRIP044
2021-02-03 13:51:20,200003,-1.4138591,-1.4697913,10.253544,0.0,0.0,TRIP044
2021-02-03 13:51:30,210030,-1.4138591,-1.4697913,10.253544,0.0,0.0,TRIP044
2021-02-03 13:51:40,220003,-1.4138591,-1.4697913,10.253544,0.0,0.0,TRIP044
2021-02-03 13:51:50,230032,-1.4138591,-1.4697913,10.253544,0.0,0.0,TRIP044
2021-02-03 13:52:00,240023,-1.4138591,-1.4697913,10.253544,0.0,0.0,TRIP044
2021-02-03 13:52:10,250010,-1.4138591,-1.4697913,10.253544,0.0,0.0,TRIP044
2021-02-03 13:52:20,260043,-1.4138591,-1.4697913,10.253544,0.0,0.0,TRIP044
2021-02-03 13:52:30,270033,-1.4138591,-1.4697913,10.253544,0.0,0.0,TRIP044
2021-02-03 13:52:40,280012,-1.4138591,-1.4697913,10.253544,0.0,0.0,TRIP044
2021-02-03 13:52:50,290002,-1.4138591,-1.4697913,10.253544,0.0,0.0,TRIP044
2021-02-03 13:53:00,300020,-1.4138591,-1.4697913,10.253544,0.0,0.0,TRIP044
2021-02-03 13:53:10,310002,-1.4138591,-1.4697913,10.253544,0.0,0.0,TRIP044
2021-02-03 13:53:20,320003,-1.4138591,-1.4697913,10.253544,0.0,0.0,TRIP044
2021-02-03 13:53:30,330031,-1.4138591,-1.4697913,10.253544,0.0,0.0,TRIP044
2021-02-03 13:53:40,340031,-1.4138591,-1.4697913,10.253544,0.0,0.0,TRIP044
2021-02-03 13:53:50,350043,-1.4138591,-1.4697913,10.253544,0.0,0.0,TRIP044
2021-02-03 13:54:00,360020,-1.4138591,-1.4697913,10.253544,0.0,0.0,TRIP044
2021-02-03 13:54:10,370020,-1.4138591,-1.4697913,10.253544,0.0,0.0,TRIP044
2021-02-03 13:54:20,380003,-1.4138591,-1.4697913,10.253544,0.0,0.0,TRIP044
2021-02-03 13:54:30,390031,-1.4138591,-1.4697913,10.253544,0.0,0.0,TRIP044
2021-02-03 13:54:40,400012,-1.4138591,-1.4697913,10.253544,0.0,0.0,TRIP044
2021-02-03 13:54:50,410031,-1.4138591,-1.4697913,10.253544,0.0,0.0,TRIP044
2021-02-03 13:55:00,420030,-1.4138591,-1.4697913,10.253544,0.0,0.0,TRIP044
2021-02-03 13:55:10,430043,-1.4138591,-1.4697913,10.253544,0.0,0.0,TRIP044
2021-02-03 13:55:20,440032,-1.4138591,-1.4697913,10.253544,0.0,0.0,TRIP044
2021-02-03 13:55:30,450001,-1.4138591,-1.4697913,10.253544,0.0,0.0,TRIP044
2021-02-03 13:55:40,460025,-1.4138591,-1.4697913,10.253544,0.0,0.0,TRIP044
2021-02-03 13:55:50,470022,-1.4138591,-1.4697913,10.253544,0.0,0.0,TRIP044
2021-02-03 13:56:00,480021,-1.4138591,-1.4697913,10.253544,0.0,0.0,TRIP044
2021-02-03 13:56:10,490000,-1.4138591,-1.4697913,10.253544,0.0,0.0,TRIP044
2021-02-03 13:56:20,500032,-1.4138591,-1.4697913,10.253544,0.0,0.0,TRIP044
2021-02-03 13:56:30,510042,-1.4138591,-1.4697913,10.253544,0.0,0.0,TRIP044
2021-02-03 13:56:40,520012,-1.4138591,-1.4697913,10.253544,0.0,0.0,TRIP044
2021-02-03 13:56:50,530031,-1.4138591,-1.4697913,10.253544,0.0,0.0,TRIP044
2021-02-03 13:57:00,540011,-1.4138591,-1.4697913,10.253544,0.0,0.0,TRIP044
2021-02-03 13:57:10,550004,-1.4138591,-1.4697913,10.253544,0.0,0.0,TRIP044
2021-02-03 13:57:20,560032,-1.4138591,-1.4697913,10.253544,0.0,0.0,TRIP044
2021-02-03 13:57:30,570020,-1.4138591,-1.4697913,10.253544,0.0,0.0,TRIP044
2021-02-03 13:57:40,580042,-1.4138591,-1.4697913,10.253544,0.0,0.0,TRIP044
2021-02-03 13:57:50,590032,-1.4138591,-1.4697913,10.253544,0.0,0.0,TRIP044
2021-02-03 13:58:00,600030,-1.4138591,-1.4697913,10.253544,0.0,0.0,TRIP044
2021-02-03 13:58:10,610042,-1.4138591,-1.4697913,10.253544,0.0,0.0,TRIP044
2021-02-03 13:58:20,620002,-1.4138591,-1.4697913,10.253544,0.0,0.0,TRIP044
2021-02-03 13:58:30,630030,-1.4138591,-1.4697913,10.253544,0.0,0.0,TRIP044
2021-02-03 13:58:40,640043,-1.4138591,-1.4697913,10.253544,0.0,0.0,TRIP044
2021-02-03 13:58:50,650031,-1.4138591,-1.4697913,10.253544,0.0,0.0,TRIP044
2021-02-03 13:59:00,660003,-1.4138591,-1.4697913,10.253544,0.0,0.0,TRIP044
2021-02-03 13:59:10,670013,-1.4138591,-1.4697913,10.253544,0.0,0.0,TRIP044
2021-02-03 13:59:20,680012,-1.4138591,-1.4697913,10.253544,0.0,0.0,TRIP044
2021-02-03 13:59:30,690004,-1.4138591,-1.4697913,10.253544,0.0,0.0,TRIP044
2021-02-03 13:59:40,700030,-1.4138591,-1.4697913,10.253544,0.0,0.0,TRIP044
2021-02-03 13:59:50,710000,-1.4138591,-1.4697913,10.253544,0.0,0.0,TRIP044
2021-02-03 14:00:00,720021,-1.4138591,-1.4697913,10.253544,0.0,0.0,TRIP044
2021-02-03 14:00:10,730013,-1.4138591,-1.4697913,10.253544,0.0,0.0,TRIP044
2021-02-03 14:00:20,740032,-1.4138591,-1.4697913,10.253544,0.0,0.0,TRIP044
2021-02-03 14:00:30,750030,-1.4138591,-1.4697913,10.253544,0.0,0.0,TRIP044
2021-02-03 14:00:40,760030,-1.4138591,-1.4697913,10.253544,0.0,0.0,TRIP044
2021-02-03 14:00:50,770041,-1.4138591,-1.4697913,10.253544,0.0,0.0,TRIP044
2021-02-03 14:01:00,780039,-1.4138591,-1.4697913,10.253544,0.0,0.0,TRIP044
2021-02-03 14:01:10,790038,-1.4138591,-1.4697913,10.253544,0.0,0.0,TRIP044
2021-02-03 14:01:20,800034,-1.4138591,-1.4697913,10.253544,0.0,0.0,TRIP044
2021-02-03 14:01:30,810043,-1.4138591,-1.4697913,10.253544,0.0,0.0,TRIP044
2021-02-03 14:01:40,820009,-1.4138591,-1.4697913,10.253544,0.0,0.0,TRIP044
2021-02-03 14:01:50,830004,-1.4138591,-1.4697913,10.253544,0.0,0.0,TRIP044
2021-02-03 14:02:00,840013,-1.4138591,-1.4697913,10.253544,0.0,0.0,TRIP044
2021-02-03 14:02:10,850023,-1.4138591,-1.4697913,10.253544,0.0,0.0,TRIP044
2021-02-03 14:02:20,860002,-1.4138591,-1.4697913,10.253544,0.0,0.0,TRIP044
2021-02-03 14:02:30,870000,-1.4138591,-1.4697913,10.253544,0.0,0.0,TRIP044
2021-02-03 14:02:40,880000,-1.4138591,-1.4697913,10.253544,0.0,0.0,TRIP044
2021-02-03 14:02:50,890031,-1.4138591,-1.4697913,10.253544,0.0,0.0,TRIP044
2021-02-03 14:03:00,900010,-1.4138591,-1.4697913,10.253544,0.0,0.0,TRIP044
2021-02-03 14:03:10,910002,-1.4138591,-1.4697913,10.253544,0.0,0.0,TRIP044
2021-02-03 14:03:20,920031,-1.4138591,-1.4697913,10.253544,0.0,0.0,TRIP044
2021-02-03 14:03:30,930001,-2.1921246,4.5882373,8.99821,0.3054742448243452,4.353303348649629,TRIP044
2021-02-04 10:38:56,1,-3.1624143,1.9869401,9.3409815,0.0,,TRIP045
2021-02-04 10:39:06,10011,-1.4976078,-1.9609182,9.937392,0.1266149214142351,4.803650423339203,TRIP045
2021-02-04 10:39:16,20023,-1.2723835,-1.4554343,9.652348,0.0533556436986434,0.0661642205562493,TRIP045
2021-02-04 10:39:26,30012,-1.2532408,-1.4697913,9.764811,0.000164481448427,0.0123537304548295,TRIP045
2021-02-04 10:39:36,40024,-1.3896317,-1.3190435,9.810274,0.0015561973026707,0.1054126383034854,TRIP045
2021-02-04 10:39:46,50033,-1.3633107,-1.3836497,9.693026,0.0026450898615844,0.0334581975486694,TRIP045
2021-02-04 10:39:56,60001,-1.3298112,-1.3070793,9.982856,0.0078064939742835,0.0160245570877708,TRIP045
2021-02-04 10:40:06,70002,-1.468894,-1.378864,9.731311,0.0150027599741279,0.022983308975903,TRIP045
2021-02-04 10:40:16,80002,-1.2628121,-1.4841483,9.736096,0.0065985588274597,0.1120050718404566,TRIP045
2021-02-04 10:40:26,90002,-1.1694921,-1.4697913,9.707382,0.0070392819034631,0.0328921041867018,TRIP045
2021-02-04 10:40:36,100002,-1.372882,0.78664047,10.232009,0.0296017195494365,4.864175326930009,TRIP045
2021-02-04 10:40:46,110001,-0.70947194,-0.9451649,10.354043,0.0400504305951588,4.835976611325684,TRIP045
2021-02-04 10:40:56,120014,-1.0495518,-1.8245273,9.896714,0.0921851929687171,0.1218870487454175,TRIP045
2021-02-04 10:41:06,130020,-1.224527,-1.5490535,9.831809,0.0130190452662997,0.1469023981409338,TRIP045
2021-02-04 10:41:16,140014,-1.2867404,-1.4650056,9.923036,0.0024754818279087,0.0517845453485956,TRIP045
2021-02-04 10:41:26,150025,-1.2149557,-1.5538392,9.6738825,0.0022561760087529,0.0570959535233162,TRIP045
2021-02-04 10:41:36,160016,-1.4330016,-1.5179468,9.74806,0.0115160037883724,0.0930103511184219,TRIP045
2021-02-04 10:41:46,170034,-1.3274183,-1.4889339,9.740882,0.0092599336259404,0.028508688679357,TRIP045
2021-02-04 10:41:56,180012,-1.265205,-1.5634105,9.755239,0.0016519963781383,0.0477500832833235,TRIP045
2021-02-04 10:42:06,190024,-1.265205,-1.5634105,9.755239,0.0,0.0,TRIP045
2021-02-04 10:42:16,200003,-1.265205,-1.5634105,9.755239,0.0,0.0,TRIP045
2021-02-04 10:42:26,210032,-1.265205,-1.5634105,9.755239,0.0,0.0,TRIP045
2021-02-04 10:42:36,220003,-1.265205,-1.5634105,9.755239,0.0,0.0,TRIP045
2021-02-04 10:42:46,230012,-1.265205,-1.5634105,9.755239,0.0,0.0,TRIP045
2021-02-04 10:42:56,240012,-1.265205,-1.5634105,9.755239,0.0,0.0,TRIP045
2021-02-04 10:43:06,250013,-1.265205,-1.5634105,9.755239,0.0,0.0,TRIP045
2021-02-04 10:43:16,260012,-1.265205,-1.5634105,9.755239,0.0,0.0,TRIP045
2021-02-04 10:43:26,270032,-1.265205,-1.5634105,9.755239,0.0,0.0,TRIP045
2021-02-04 10:43:36,280004,-1.265205,-1.5634105,9.755239,0.0,0.0,TRIP045
2021-02-04 10:43:46,290032,-1.265205,-1.5634105,9.755239,0.0,0.0,TRIP045
2021-02-04 10:43:56,300003,-1.265205,-1.5634105,9.755239,0.0,0.0,TRIP045
2021-02-04 10:44:06,310010,-1.265205,-1.5634105,9.755239,0.0,0.0,TRIP045
2021-02-04 10:44:16,320012,-1.265205,-1.5634105,9.755239,0.0,0.0,TRIP045
2021-02-04 10:44:26,330023,-1.265205,-1.5634105,9.755239,0.0,0.0,TRIP045
2021-02-04 10:44:36,340004,-1.265205,-1.5634105,9.755239,0.0,0.0,TRIP045
2021-02-04 10:44:46,350012,-1.265205,-1.5634105,9.755239,0.0,0.0,TRIP045
2021-02-04 10:44:56,360011,-1.265205,-1.5634105,9.755239,0.0,0.0,TRIP045
2021-02-04 10:45:06,370004,-1.265205,-1.5634105,9.755239,0.0,0.0,TRIP045
2021-02-04 10:45:16,380022,-1.265205,-1.5634105,9.755239,0.0,0.0,TRIP045
2021-02-04 10:45:26,390007,-1.265205,-1.5634105,9.755239,0.0,0.0,TRIP045
2021-02-04 10:45:36,400011,-1.265205,-1.5634105,9.755239,0.0,0.0,TRIP045
2021-02-04 10:45:46,410002,-1.265205,-1.5634105,9.755239,0.0,0.0,TRIP045
2021-02-04 10:45:56,420031,-1.265205,-1.5634105,9.755239,0.0,0.0,TRIP045
2021-02-04 10:46:06,430032,-1.265205,-1.5634105,9.755239,0.0,0.0,TRIP045
2021-02-04 10:46:16,440013,-1.265205,-1.5634105,9.755239,0.0,0.0,TRIP045
2021-02-04 10:46:26,450022,-1.265205,-1.5634105,9.755239,0.0,0.0,TRIP045
2021-02-04 10:46:36,460015,-1.265205,-1.5634105,9.755239,0.0,0.0,TRIP045
2021-02-04 10:46:46,470043,-1.265205,-1.5634105,9.755239,0.0,0.0,TRIP045
2021-02-04 10:46:56,480012,-1.265205,-1.5634105,9.755239,0.0,0.0,TRIP045
2021-02-04 10:47:06,490013,-1.265205,-1.5634105,9.755239,0.0,0.0,TRIP045
2021-02-04 10:47:16,500032,-1.265205,-1.5634105,9.755239,0.0,0.0,TRIP045
2021-02-04 10:47:26,510012,-1.265205,-1.5634105,9.755239,0.0,0.0,TRIP045
2021-02-04 10:47:36,520004,-1.265205,-1.5634105,9.755239,0.0,0.0,TRIP045
2021-02-04 10:47:46,530042,-1.265205,-1.5634105,9.755239,0.0,0.0,TRIP045
2021-02-04 10:47:56,540011,-1.265205,-1.5634105,9.755239,0.0,0.0,TRIP045
2021-02-04 14:06:09,2,-2.184946,-1.5634105,9.860822,0.0,,TRIP045
2021-02-04 14:06:19,10001,-1.6651055,-0.98614204,9.798309,0.0751539864328058,0.0863837293750027,TRIP045
2021-02-04 14:06:29,20002,-0.9562318,-2.2603202,9.764811,0.0519001332009248,0.6358831917464254,TRIP045
2021-02-04 14:06:39,30001,-0.18005991,-2.2507489,8.94796,0.0196346856960242,0.3203890894734653,TRIP045
2021-02-04 14:06:09,2,-2.184946,-1.5634105,9.860822,0.0,,TRIP046
2021-02-04 14:06:19,10001,-1.6651055,-0.98614204,9.798309,0.0751539864328058,0.0863837293750027,TRIP046
2021-02-04 14:06:29,20002,-0.9562318,-2.2603202,9.764811,0.0519001332009248,0.6358831917464254,TRIP046
2021-02-04 14:06:39,30001,-0.18005991,-2.2507489,8.94796,0.0196346856960242,0.3203890894734653,TRIP046
2021-02-04 14:06:49,40002,-0.65682983,-1.3357933,9.489336,0.0769316887003655,0.3771678211148468,TRIP046
2021-02-04 14:06:59,50002,-0.5775676,-1.2879368,9.55155,0.0077034200503727,0.0354385588517591,TRIP046
2021-02-04 14:07:09,60001,-1.1309078,-1.474577,9.556335,0.0446846587488201,0.2326937735244354,TRIP046
2021-02-04 14:07:19,70010,-0.8650054,-1.2376875,10.01157,0.0347998940926934,0.0442735060179235,TRIP046
2021-02-04 14:07:29,80002,-0.73818576,-0.7896315,10.068997,0.0429402837067766,0.1417586616862962,TRIP046
2021-02-04 14:07:39,90018,-2.335993,1.2801601,10.100104,0.1580299763720332,4.962808920347085,TRIP046
2021-02-04 14:07:49,100020,-1.1093724,-1.7766708,8.260622,0.0569076456765163,4.769246238418724,TRIP046
2021-02-04 14:08:00,110041,-0.369392,-0.76570326,8.986245,0.124182419615055,0.1086890182960385,TRIP046
2021-02-04 14:08:09,120026,-0.4244269,0.28115666,10.540982,0.0341556145289614,4.576805856875484,TRIP046
2021-02-04 14:08:20,130041,-2.0413768,-0.0637089,9.946963,0.1530969870755804,5.666917043959887,TRIP046
2021-02-04 14:08:29,140021,-2.0413768,-0.0637089,9.946963,0.0,0.0,TRIP046
2021-02-04 14:08:39,150023,-2.0413768,-0.0637089,9.946963,0.0,0.0,TRIP046
2021-02-04 14:08:50,160032,-2.0413768,-0.0637089,9.946963,0.0,0.0,TRIP046
2021-02-04 14:08:59,170025,-2.0413768,-0.0637089,9.946963,0.0,0.0,TRIP046
2021-02-04 14:09:10,180031,-2.0413768,-0.0637089,9.946963,0.0,0.0,TRIP046
2021-02-04 14:09:19,190002,-2.0413768,-0.0637089,9.946963,0.0,0.0,TRIP046
2021-02-04 14:09:29,200030,-2.0413768,-0.0637089,9.946963,0.0,0.0,TRIP046
2021-02-04 14:09:40,210031,-2.0413768,-0.0637089,9.946963,0.0,0.0,TRIP046
2021-02-04 14:09:49,220000,-2.0413768,-0.0637089,9.946963,0.0,0.0,TRIP046
2021-02-04 14:09:59,230017,-2.0413768,-0.0637089,9.946963,0.0,0.0,TRIP046
2021-02-04 14:10:09,240020,-2.0413768,-0.0637089,9.946963,0.0,0.0,TRIP046
2021-02-04 14:10:19,250022,-2.0413768,-0.0637089,9.946963,0.0,0.0,TRIP046
2021-02-04 14:10:29,260002,-2.0413768,-0.0637089,9.946963,0.0,0.0,TRIP046
2021-02-04 14:10:39,270011,-2.0413768,-0.0637089,9.946963,0.0,0.0,TRIP046
2021-02-04 14:10:50,280041,-2.0413768,-0.0637089,9.946963,0.0,0.0,TRIP046
2021-02-04 14:10:59,290030,-2.0413768,-0.0637089,9.946963,0.0,0.0,TRIP046
2021-02-04 14:11:09,300013,-2.0413768,-0.0637089,9.946963,0.0,0.0,TRIP046
2021-02-04 14:11:20,310031,-2.0413768,-0.0637089,9.946963,0.0,0.0,TRIP046
2021-02-04 14:11:29,320012,-2.0413768,-0.0637089,9.946963,0.0,0.0,TRIP046
2021-02-04 14:11:40,330032,-2.0413768,-0.0637089,9.946963,0.0,0.0,TRIP046
2021-02-04 14:11:50,340041,-2.0413768,-0.0637089,9.946963,0.0,0.0,TRIP046
2021-02-04 14:11:59,350009,-2.0413768,-0.0637089,9.946963,0.0,0.0,TRIP046
2021-02-04 14:12:09,360015,-2.0413768,-0.0637089,9.946963,0.0,0.0,TRIP046
2021-02-04 14:12:19,370022,-2.0413768,-0.0637089,9.946963,0.0,0.0,TRIP046
2021-02-04 14:12:30,380031,-2.0413768,-0.0637089,9.946963,0.0,0.0,TRIP046
2021-02-04 14:12:40,390042,-2.0413768,-0.0637089,9.946963,0.0,0.0,TRIP046
2021-02-04 14:12:50,400037,-2.0413768,-0.0637089,9.946963,0.0,0.0,TRIP046
2021-02-04 14:13:00,410040,-2.0413768,-0.0637089,9.946963,0.0,0.0,TRIP046
2021-02-04 14:13:09,420023,-2.0413768,-0.0637089,9.946963,0.0,0.0,TRIP046
2021-02-04 14:13:19,430000,-2.0413768,-0.0637089,9.946963,0.0,0.0,TRIP046
2021-02-04 14:13:29,440001,-2.0413768,-0.0637089,9.946963,0.0,0.0,TRIP046
2021-02-04 14:13:39,450022,-2.0413768,-0.0637089,9.946963,0.0,0.0,TRIP046
2021-02-04 14:13:49,460021,-2.0413768,-0.0637089,9.946963,0.0,0.0,TRIP046
2021-02-04 14:13:59,470001,-2.0413768,-0.0637089,9.946963,0.0,0.0,TRIP046
2021-02-04 14:14:09,480022,-2.0413768,-0.0637089,9.946963,0.0,0.0,TRIP046
2021-02-04 14:14:19,490014,-2.0413768,-0.0637089,9.946963,0.0,0.0,TRIP046
2021-02-04 14:14:29,500010,-2.0413768,-0.0637089,9.946963,0.0,0.0,TRIP046
2021-02-04 14:14:39,510013,-2.0413768,-0.0637089,9.946963,0.0,0.0,TRIP046
2021-02-04 14:14:50,520041,-2.0413768,-0.0637089,9.946963,0.0,0.0,TRIP046
2021-02-04 14:14:59,530001,-2.0413768,-0.0637089,9.946963,0.0,0.0,TRIP046
2021-02-04 14:15:09,540015,-2.0413768,-0.0637089,9.946963,0.0,0.0,TRIP046
2021-02-04 14:15:19,550012,-2.0413768,-0.0637089,9.946963,0.0,0.0,TRIP046
2021-02-04 14:15:29,560012,-2.0413768,-0.0637089,9.946963,0.0,0.0,TRIP046
2021-02-04 14:15:39,570022,-2.0413768,-0.0637089,9.946963,0.0,0.0,TRIP046
2021-02-04 14:15:49,580014,-2.0413768,-0.0637089,9.946963,0.0,0.0,TRIP046
2021-02-04 14:15:59,590025,-2.0413768,-0.0637089,9.946963,0.0,0.0,TRIP046
2021-02-04 14:16:09,600022,-2.0413768,-0.0637089,9.946963,0.0,0.0,TRIP046
2021-02-04 14:16:20,610031,-2.0413768,-0.0637089,9.946963,0.0,0.0,TRIP046
2021-02-04 14:16:29,620010,-2.0413768,-0.0637089,9.946963,0.0,0.0,TRIP046
2021-02-04 14:16:39,630006,-2.0413768,-0.0637089,9.946963,0.0,0.0,TRIP046
2021-02-04 14:16:49,640022,-2.0413768,-0.0637089,9.946963,0.0,0.0,TRIP046
2021-02-04 14:16:59,650025,-2.0413768,-0.0637089,9.946963,0.0,0.0,TRIP046
2021-02-04 14:17:09,660001,-2.0413768,-0.0637089,9.946963,0.0,0.0,TRIP046
2021-02-04 14:17:20,670033,-2.0413768,-0.0637089,9.946963,0.0,0.0,TRIP046
2021-02-04 14:17:29,680021,-2.0413768,-0.0637089,9.946963,0.0,0.0,TRIP046
2021-02-04 14:17:39,690022,-2.0413768,-0.0637089,9.946963,0.0,0.0,TRIP046
2021-02-04 14:17:49,700003,-2.0413768,-0.0637089,9.946963,0.0,0.0,TRIP046
2021-02-04 14:17:59,710007,-2.0413768,-0.0637089,9.946963,0.0,0.0,TRIP046
2021-02-04 14:18:10,720031,-2.0413768,-0.0637089,9.946963,0.0,0.0,TRIP046
2021-02-04 14:18:19,730021,-2.0413768,-0.0637089,9.946963,0.0,0.0,TRIP046
2021-02-04 14:18:29,740030,-2.0413768,-0.0637089,9.946963,0.0,0.0,TRIP046
2021-02-04 14:18:40,750043,-2.0413768,-0.0637089,9.946963,0.0,0.0,TRIP046
2021-02-04 14:18:49,760010,-2.0413768,-0.0637089,9.946963,0.0,0.0,TRIP046
2021-02-04 14:18:59,770000,-2.0413768,-0.0637089,9.946963,0.0,0.0,TRIP046
2021-02-04 14:19:10,780041,-2.0413768,-0.0637089,9.946963,0.0,0.0,TRIP046
2021-02-04 14:19:19,790022,-2.0413768,-0.0637089,9.946963,0.0,0.0,TRIP046
2021-02-04 14:19:29,800002,-2.0413768,-0.0637089,9.946963,0.0,0.0,TRIP046
2021-02-04 14:19:39,810013,-2.0413768,-0.0637089,9.946963,0.0,0.0,TRIP046
2021-02-04 14:19:49,820030,-2.0413768,-0.0637089,9.946963,0.0,0.0,TRIP046
2021-02-04 14:19:59,830001,-2.0413768,-0.0637089,9.946963,0.0,0.0,TRIP046
2021-02-04 14:20:09,840021,-2.0413768,-0.0637089,9.946963,0.0,0.0,TRIP046
2021-02-04 14:20:20,850036,-2.0413768,-0.0637089,9.946963,0.0,0.0,TRIP046
2021-02-04 14:20:29,860024,-2.0413768,-0.0637089,9.946963,0.0,0.0,TRIP046
2021-02-04 14:20:39,870019,-2.0413768,-0.0637089,9.946963,0.0,0.0,TRIP046
2021-02-04 14:20:50,880037,-2.0413768,-0.0637089,9.946963,0.0,0.0,TRIP046
2021-02-04 14:20:59,890008,-2.0413768,-0.0637089,9.946963,0.0,0.0,TRIP046
2021-02-04 14:21:09,900022,-2.0413768,-0.0637089,9.946963,0.0,0.0,TRIP046
2021-02-04 14:21:20,910042,-2.0413768,-0.0637089,9.946963,0.0,0.0,TRIP046
2021-02-04 14:21:29,920018,-2.0413768,-0.0637089,9.946963,0.0,0.0,TRIP046
2021-02-04 14:21:39,930000,-2.0413768,-0.0637089,9.946963,0.0,0.0,TRIP046
2021-02-04 14:21:50,940041,-2.0413768,-0.0637089,9.946963,0.0,0.0,TRIP046
2021-02-04 14:21:59,950025,-2.0413768,-0.0637089,9.946963,0.0,0.0,TRIP046
2021-02-04 14:22:09,960017,-2.0413768,-0.0637089,9.946963,0.0,0.0,TRIP046
2021-02-04 14:22:19,970015,-2.0413768,-0.0637089,9.946963,0.0,0.0,TRIP046
2021-02-04 14:22:30,980032,-2.0413768,-0.0637089,9.946963,0.0,0.0,TRIP046
2021-02-04 14:22:39,990021,-2.0413768,-0.0637089,9.946963,0.0,0.0,TRIP046
2021-02-04 14:22:49,1000021,-2.0413768,-0.0637089,9.946963,0.0,0.0,TRIP046
2021-02-04 14:22:59,1010022,-2.0413768,-0.0637089,9.946963,0.0,0.0,TRIP046
2021-02-04 14:23:09,1020001,-2.0413768,-0.0637089,9.946963,0.0,0.0,TRIP046
2021-02-04 14:23:19,1030003,-2.0413768,-0.0637089,9.946963,0.0,0.0,TRIP046
2021-02-02 10:28:14,1,-1.6363916,-0.6026922,9.899107,0.0,,TRIP047
2021-02-02 10:28:24,10001,-1.2915261,0.31465617,10.713564,0.0414547084676397,5.691320912807248,TRIP047
2021-02-02 10:28:34,20000,-3.8691943,-2.114358,10.169795,0.3080219081464985,5.544088730503401,TRIP047
2021-02-02 10:28:44,30000,-1.9238294,-1.5466608,10.090533,0.1940757857457358,0.1770233423551839,TRIP047
2021-02-02 10:28:54,40000,-2.7625136,-0.9909277,10.253544,0.0466405860960173,0.3327354920505301,TRIP047
2021-02-02 10:29:04,50000,-1.8017955,-0.5141578,9.843773,0.1061143070858171,0.0664380019573784,TRIP047
2021-02-02 10:29:14,60001,-1.8305093,-0.9837492,9.429516,0.0204366467905108,0.2151615039231642,TRIP047
2021-02-02 10:29:24,70037,-0.8916255,-2.6078775,9.585348,0.0675549487482935,0.7482261024248891,TRIP047
2021-02-02 10:29:34,80017,-0.8892327,-2.8785655,9.496515,0.0257211531037273,0.029822259225158,TRIP047
2021-02-02 10:29:44,90000,-1.3800604,0.051146585,9.848858,0.1634556007800248,4.974960509745211,TRIP047
2021-02-02 10:29:54,100041,-2.2187448,-0.7465607,9.460623,0.0956051060744867,5.92156229727055,TRIP047
2021-02-02 10:30:04,110016,-2.4628127,1.0214362,10.984252,0.0326065674258929,5.565454914702417,TRIP047
2021-02-02 10:30:14,120013,-1.6004993,-0.81595254,9.829416,0.0870000163982536,5.418567995751332,TRIP047
2021-02-02 10:30:24,130008,-2.0485554,-1.0244272,9.829416,0.0494178450710644,0.0077597724765565,TRIP047
2021-02-02 10:30:34,140000,-2.0485554,-1.0244272,9.829416,0.0,0.0,TRIP047
2021-02-02 10:30:44,150015,-2.0485554,-1.0244272,9.829416,0.0,0.0,TRIP047
2021-02-02 10:30:54,160028,-2.0485554,-1.0244272,9.829416,0.0,0.0,TRIP047
2021-02-02 10:31:04,170011,-2.0485554,-1.0244272,9.829416,0.0,0.0,TRIP047
2021-02-02 10:31:14,180004,-2.0485554,-1.0244272,9.829416,0.0,0.0,TRIP047
2021-02-02 10:31:24,190023,-2.0485554,-1.0244272,9.829416,0.0,0.0,TRIP047
2021-02-02 10:31:34,200032,-2.0485554,-1.0244272,9.829416,0.0,0.0,TRIP047
2021-02-02 10:31:44,210002,-2.0485554,-1.0244272,9.829416,0.0,0.0,TRIP047
2021-02-02 10:31:54,220037,-2.0485554,-1.0244272,9.829416,0.0,0.0,TRIP047
2021-02-02 10:32:04,230031,-2.0485554,-1.0244272,9.829416,0.0,0.0,TRIP047
2021-02-02 10:32:14,240011,-2.0485554,-1.0244272,9.829416,0.0,0.0,TRIP047
2021-02-02 10:32:24,250001,-2.0485554,-1.0244272,9.829416,0.0,0.0,TRIP047
2021-02-02 10:32:34,260032,-2.0485554,-1.0244272,9.829416,0.0,0.0,TRIP047
2021-02-02 10:32:44,270042,-2.0485554,-1.0244272,9.829416,0.0,0.0,TRIP047
2021-02-02 10:32:54,280022,-2.0485554,-1.0244272,9.829416,0.0,0.0,TRIP047
2021-02-02 10:33:04,290012,-2.0485554,-1.0244272,9.829416,0.0,0.0,TRIP047
2021-02-02 10:33:14,300011,-2.0485554,-1.0244272,9.829416,0.0,0.0,TRIP047
2021-02-02 10:33:24,310002,-2.0485554,-1.0244272,9.829416,0.0,0.0,TRIP047
2021-02-02 10:33:34,320040,-2.0485554,-1.0244272,9.829416,0.0,0.0,TRIP047
2021-02-02 10:33:44,330011,-2.0485554,-1.0244272,9.829416,0.0,0.0,TRIP047
2021-02-02 10:33:54,340001,-2.0485554,-1.0244272,9.829416,0.0,0.0,TRIP047
2021-02-02 10:34:04,350017,-2.0485554,-1.0244272,9.829416,0.0,0.0,TRIP047
2021-02-02 10:34:14,360012,-2.0485554,-1.0244272,9.829416,0.0,0.0,TRIP047
2021-02-02 10:34:24,370021,-2.0485554,-1.0244272,9.829416,0.0,0.0,TRIP047
2021-02-02 10:34:34,380021,-2.0485554,-1.0244272,9.829416,0.0,0.0,TRIP047
2021-02-02 10:34:44,390032,-2.0485554,-1.0244272,9.829416,0.0,0.0,TRIP047
2021-02-02 10:34:54,400041,-2.0485554,-1.0244272,9.829416,0.0,0.0,TRIP047
2021-02-02 10:35:04,410042,-2.0485554,-1.0244272,9.829416,0.0,0.0,TRIP047
2021-02-02 10:35:14,420021,-2.0485554,-1.0244272,9.829416,0.0,0.0,TRIP047
2021-02-02 10:35:24,430042,-2.0485554,-1.0244272,9.829416,0.0,0.0,TRIP047
2021-02-02 10:35:34,440018,-2.0485554,-1.0244272,9.829416,0.0,0.0,TRIP047
2021-02-02 10:35:44,450012,-2.0485554,-1.0244272,9.829416,0.0,0.0,TRIP047
2021-02-02 10:35:54,460031,-2.0485554,-1.0244272,9.829416,0.0,0.0,TRIP047
2021-02-02 10:36:04,470017,-2.0485554,-1.0244272,9.829416,0.0,0.0,TRIP047
2021-02-02 10:36:14,480001,-2.0485554,-1.0244272,9.829416,0.0,0.0,TRIP047
2021-02-02 10:36:24,490011,-2.0485554,-1.0244272,9.829416,0.0,0.0,TRIP047
2021-02-02 10:36:34,500001,-2.0485554,-1.0244272,9.829416,0.0,0.0,TRIP047
2021-02-02 10:36:44,510037,-2.0485554,-1.0244272,9.829416,0.0,0.0,TRIP047
2021-02-02 10:36:54,520021,-2.0485554,-1.0244272,9.829416,0.0,0.0,TRIP047
2021-02-02 10:37:04,530037,-2.0485554,-1.0244272,9.829416,0.0,0.0,TRIP047
2021-02-02 10:37:14,540042,-2.0485554,-1.0244272,9.829416,0.0,0.0,TRIP047
2021-02-02 10:37:24,550042,-2.0485554,-1.0244272,9.829416,0.0,0.0,TRIP047
2021-02-02 10:37:34,560011,-2.0485554,-1.0244272,9.829416,0.0,0.0,TRIP047
2021-02-02 10:37:44,570033,-2.0485554,-1.0244272,9.829416,0.0,0.0,TRIP047
2021-02-02 10:37:54,580041,-2.0485554,-1.0244272,9.829416,0.0,0.0,TRIP047
2021-02-02 10:38:04,590041,-2.0485554,-1.0244272,9.829416,0.0,0.0,TRIP047
2021-02-02 10:38:14,600021,-2.0485554,-1.0244272,9.829416,0.0,0.0,TRIP047
2021-02-02 10:38:24,610011,-2.0485554,-1.0244272,9.829416,0.0,0.0,TRIP047
2021-02-02 10:38:34,620002,-2.0485554,-1.0244272,9.829416,0.0,0.0,TRIP047
2021-02-02 10:38:44,630028,-2.0485554,-1.0244272,9.829416,0.0,0.0,TRIP047
2021-02-02 10:38:54,640021,-2.0485554,-1.0244272,9.829416,0.0,0.0,TRIP047
2021-02-02 10:39:04,650012,-2.0485554,-1.0244272,9.829416,0.0,0.0,TRIP047
2021-02-02 10:39:14,660017,-2.0485554,-1.0244272,9.829416,0.0,0.0,TRIP047
2021-02-02 10:39:24,670023,-2.0485554,-1.0244272,9.829416,0.0,0.0,TRIP047
2021-02-02 10:39:34,680011,-2.0485554,-1.0244272,9.829416,0.0,0.0,TRIP047
2021-02-02 10:39:44,690000,-2.0485554,-1.0244272,9.829416,0.0,0.0,TRIP047
2021-02-02 10:39:54,700021,-2.0485554,-1.0244272,9.829416,0.0,0.0,TRIP047
2021-02-02 10:40:04,710021,-2.0485554,-1.0244272,9.829416,0.0,0.0,TRIP047
2021-02-02 10:40:14,720022,-2.0485554,-1.0244272,9.829416,0.0,0.0,TRIP047
2021-02-02 10:40:24,730012,-2.0485554,-1.0244272,9.829416,0.0,0.0,TRIP047
2021-02-02 10:40:34,740041,-2.0485554,-1.0244272,9.829416,0.0,0.0,TRIP047
2021-02-02 10:40:44,750011,-2.0485554,-1.0244272,9.829416,0.0,0.0,TRIP047
2021-02-02 10:40:54,760022,-2.0485554,-1.0244272,9.829416,0.0,0.0,TRIP047
2021-02-02 10:41:04,770031,-2.0485554,-1.0244272,9.829416,0.0,0.0,TRIP047
2021-02-02 10:41:14,780021,-2.0485554,-1.0244272,9.829416,0.0,0.0,TRIP047
2021-02-02 10:41:24,790022,-2.0485554,-1.0244272,9.829416,0.0,0.0,TRIP047
2021-02-02 10:41:34,800021,-2.0485554,-1.0244272,9.829416,0.0,0.0,TRIP047
2021-02-02 10:41:44,810017,-2.0485554,-1.0244272,9.829416,0.0,0.0,TRIP047
2021-02-02 10:41:54,820036,-2.0485554,-1.0244272,9.829416,0.0,0.0,TRIP047
2021-02-02 10:42:04,830032,-2.0485554,-1.0244272,9.829416,0.0,0.0,TRIP047
2021-02-02 10:42:14,840001,-2.0485554,-1.0244272,9.829416,0.0,0.0,TRIP047
2021-02-02 10:42:24,850041,-2.0485554,-1.0244272,9.829416,0.0,0.0,TRIP047
2021-02-02 10:42:34,860001,-2.0485554,-1.0244272,9.829416,0.0,0.0,TRIP047
2021-02-02 10:42:44,870041,-2.0485554,-1.0244272,9.829416,0.0,0.0,TRIP047
2021-02-02 10:42:54,880021,-2.0485554,-1.0244272,9.829416,0.0,0.0,TRIP047
2021-02-02 10:43:04,890031,-2.0485554,-1.0244272,9.829416,0.0,0.0,TRIP047
2021-02-02 10:43:14,900032,-2.0485554,-1.0244272,9.829416,0.0,0.0,TRIP047
2021-02-02 10:43:24,910032,-2.0485554,-1.0244272,9.829416,0.0,0.0,TRIP047
2021-02-02 10:43:34,920042,-2.0485554,-1.0244272,9.829416,0.0,0.0,TRIP047
2021-02-02 10:43:44,930041,-2.0485554,-1.0244272,9.829416,0.0,0.0,TRIP047
2021-02-02 10:43:54,940021,-2.0485554,-1.0244272,9.829416,0.0,0.0,TRIP047
2021-02-02 10:44:04,950021,-2.0485554,-1.0244272,9.829416,0.0,0.0,TRIP047
2021-02-02 10:44:14,960001,-2.0485554,-1.0244272,9.829416,0.0,0.0,TRIP047
2021-02-02 10:44:24,970032,-2.0485554,-1.0244272,9.829416,0.0,0.0,TRIP047
2021-02-02 10:44:34,980041,-2.0485554,-1.0244272,9.829416,0.0,0.0,TRIP047
2021-02-02 10:44:44,990041,-2.0485554,-1.0244272,9.829416,0.0,0.0,TRIP047
2021-02-02 10:44:54,1000022,-2.0485554,-1.0244272,9.829416,0.0,0.0,TRIP047
2021-02-02 13:34:17,4,-1.590928,5.3763733,9.012567,0.0,,TRIP048
2021-02-02 13:34:27,10004,-1.4114662,-0.29850462,9.376874,0.4164135368056579,4.791675675301944,TRIP048
2021-02-02 13:34:37,20005,-0.939482,-0.95473623,10.033105,0.0103217327078961,0.5850365226068259,TRIP048
2021-02-02 13:34:47,30004,-1.7898313,-0.18125631,9.925428,0.0459573777634382,0.6925250655437427,TRIP048
2021-02-02 13:34:57,40006,-3.1025937,-0.34636107,9.393623,0.1322616684854927,0.0102496819005799,TRIP048
2021-02-02 13:35:07,50005,-1.2484552,-2.5166512,11.008181,0.0312597000362104,0.999115613919896,TRIP048
2021-02-02 13:35:17,60005,-0.8650054,-1.8077775,9.635597,0.0805231956090614,0.0142121751096659,TRIP048
2021-02-02 13:35:27,70004,-0.21595225,-1.108176,9.803095,0.0875135387477104,0.2538331151420054,TRIP048
2021-02-02 13:35:37,80023,-0.9610174,-0.28414768,10.059426,0.0126635962444251,1.0908534517122574,TRIP048
2021-02-02 13:35:47,90033,-0.77407813,-0.24107689,10.239187,0.0191204004984757,0.0144334186711669,TRIP048
2021-02-02 13:35:57,100013,1.2308081,0.29790643,9.65474,0.0456511185464996,3.07715036714112,TRIP048
2021-02-02 13:36:07,110033,-0.27337998,-0.9619147,10.485947,0.0265807959783617,2.085173341307991,TRIP048
2021-02-02 13:36:17,120024,-0.40528435,-0.6553343,9.78156,0.0229683689878087,0.2769646655379194,TRIP048
2021-02-02 13:36:27,130035,-0.47228336,-1.3070793,9.3409815,0.0618575276795728,0.2071373912657841,TRIP048
2021-02-02 13:36:37,140009,0.17676978,-1.5753746,8.837891,0.0195983648715039,0.4584707451944101,TRIP048
2021-02-02 13:36:47,150015,0.17676978,-1.5753746,8.837891,0.0,0.0,TRIP048
2021-02-02 13:36:57,160013,0.17676978,-1.5753746,8.837891,0.0,0.0,TRIP048
2021-02-02 13:37:07,170035,0.17676978,-1.5753746,8.837891,0.0,0.0,TRIP048
2021-02-02 13:37:17,180023,0.17676978,-1.5753746,8.837891,0.0,0.0,TRIP048
2021-02-02 13:37:27,190015,0.17676978,-1.5753746,8.837891,0.0,0.0,TRIP048
2021-02-02 13:37:37,200046,0.17676978,-1.5753746,8.837891,0.0,0.0,TRIP048
2021-02-02 13:37:47,210034,0.17676978,-1.5753746,8.837891,0.0,0.0,TRIP048
2021-02-02 13:37:57,220004,0.17676978,-1.5753746,8.837891,0.0,0.0,TRIP048
2021-02-02 13:38:07,230009,0.17676978,-1.5753746,8.837891,0.0,0.0,TRIP048
2021-02-02 13:38:17,240035,0.17676978,-1.5753746,8.837891,0.0,0.0,TRIP048
2021-02-02 13:38:27,250046,0.17676978,-1.5753746,8.837891,0.0,0.0,TRIP048
2021-02-02 13:38:37,260015,0.17676978,-1.5753746,8.837891,0.0,0.0,TRIP048
2021-02-02 13:38:47,270019,0.17676978,-1.5753746,8.837891,0.0,0.0,TRIP048
2021-02-02 13:38:57,280023,0.17676978,-1.5753746,8.837891,0.0,0.0,TRIP048
2021-02-02 13:39:07,290009,0.17676978,-1.5753746,8.837891,0.0,0.0,TRIP048
2021-02-02 13:39:17,300006,0.17676978,-1.5753746,8.837891,0.0,0.0,TRIP048
2021-02-02 13:39:27,310020,0.17676978,-1.5753746,8.837891,0.0,0.0,TRIP048
2021-02-02 13:39:37,320022,0.17676978,-1.5753746,8.837891,0.0,0.0,TRIP048
2021-02-02 13:39:47,330015,0.17676978,-1.5753746,8.837891,0.0,0.0,TRIP048
2021-02-02 13:39:57,340002,0.17676978,-1.5753746,8.837891,0.0,0.0,TRIP048
2021-02-02 13:40:07,350015,0.17676978,-1.5753746,8.837891,0.0,0.0,TRIP048
2021-02-02 13:40:17,360015,0.17676978,-1.5753746,8.837891,0.0,0.0,TRIP048
2021-02-02 13:40:27,370003,0.17676978,-1.5753746,8.837891,0.0,0.0,TRIP048
2021-02-02 13:40:37,380046,0.17676978,-1.5753746,8.837891,0.0,0.0,TRIP048
2021-02-02 13:40:47,390035,0.17676978,-1.5753746,8.837891,0.0,0.0,TRIP048
2021-02-02 13:40:57,400033,0.17676978,-1.5753746,8.837891,0.0,0.0,TRIP048
2021-02-02 13:41:07,410026,0.17676978,-1.5753746,8.837891,0.0,0.0,TRIP048
2021-02-02 13:41:17,420046,0.17676978,-1.5753746,8.837891,0.0,0.0,TRIP048
2021-02-02 13:41:27,430026,0.17676978,-1.5753746,8.837891,0.0,0.0,TRIP048
2021-02-02 13:41:37,440009,0.17676978,-1.5753746,8.837891,0.0,0.0,TRIP048
2021-02-02 13:41:47,450015,0.17676978,-1.5753746,8.837891,0.0,0.0,TRIP048
2021-02-02 13:41:57,460004,0.17676978,-1.5753746,8.837891,0.0,0.0,TRIP048
2021-02-02 13:42:07,470045,0.17676978,-1.5753746,8.837891,0.0,0.0,TRIP048
2021-02-02 13:42:17,480024,0.17676978,-1.5753746,8.837891,0.0,0.0,TRIP048
2021-02-02 13:42:27,490015,0.17676978,-1.5753746,8.837891,0.0,0.0,TRIP048
2021-02-02 13:42:37,500009,0.17676978,-1.5753746,8.837891,0.0,0.0,TRIP048
2021-02-02 13:42:47,510007,0.17676978,-1.5753746,8.837891,0.0,0.0,TRIP048
2021-02-02 13:42:57,520043,0.17676978,-1.5753746,8.837891,0.0,0.0,TRIP048
2021-02-02 13:43:07,530028,0.17676978,-1.5753746,8.837891,0.0,0.0,TRIP048
2021-02-02 13:43:17,540015,0.17676978,-1.5753746,8.837891,0.0,0.0,TRIP048
2021-02-02 13:43:27,550046,0.17676978,-1.5753746,8.837891,0.0,0.0,TRIP048
2021-02-02 13:43:37,560026,0.17676978,-1.5753746,8.837891,0.0,0.0,TRIP048
2021-02-02 13:43:47,570007,0.17676978,-1.5753746,8.837891,0.0,0.0,TRIP048
2021-02-02 13:43:57,580004,0.17676978,-1.5753746,8.837891,0.0,0.0,TRIP048
2021-02-02 13:44:07,590044,0.17676978,-1.5753746,8.837891,0.0,0.0,TRIP048
2021-02-02 13:44:17,600046,0.17676978,-1.5753746,8.837891,0.0,0.0,TRIP048
2021-02-02 13:44:27,610010,0.17676978,-1.5753746,8.837891,0.0,0.0,TRIP048
2021-02-02 13:44:37,620003,0.17676978,-1.5753746,8.837891,0.0,0.0,TRIP048
2021-02-02 13:44:47,630024,0.17676978,-1.5753746,8.837891,0.0,0.0,TRIP048
2021-02-02 13:44:57,640033,0.17676978,-1.5753746,8.837891,0.0,0.0,TRIP048
2021-02-02 13:45:07,650000,0.17676978,-1.5753746,8.837891,0.0,0.0,TRIP048
2021-02-02 13:45:17,660026,0.17676978,-1.5753746,8.837891,0.0,0.0,TRIP048
2021-02-02 13:45:27,670045,0.17676978,-1.5753746,8.837891,0.0,0.0,TRIP048
2021-02-02 13:45:37,680000,0.17676978,-1.5753746,8.837891,0.0,0.0,TRIP048
2021-02-02 13:45:47,690027,0.17676978,-1.5753746,8.837891,0.0,0.0,TRIP048
2021-02-02 13:45:57,700039,0.17676978,-1.5753746,8.837891,0.0,0.0,TRIP048
2021-02-02 13:46:07,710046,0.17676978,-1.5753746,8.837891,0.0,0.0,TRIP048
2021-02-02 13:46:17,720009,0.17676978,-1.5753746,8.837891,0.0,0.0,TRIP048
2021-02-02 13:46:27,730035,0.17676978,-1.5753746,8.837891,0.0,0.0,TRIP048
2021-02-02 13:46:37,740025,0.17676978,-1.5753746,8.837891,0.0,0.0,TRIP048
2021-02-02 13:46:47,750009,0.17676978,-1.5753746,8.837891,0.0,0.0,TRIP048
2021-02-02 13:46:57,760021,0.17676978,-1.5753746,8.837891,0.0,0.0,TRIP048
2021-02-02 13:47:07,770035,0.17676978,-1.5753746,8.837891,0.0,0.0,TRIP048
2021-02-02 13:47:17,780046,0.17676978,-1.5753746,8.837891,0.0,0.0,TRIP048
2021-02-02 13:47:27,790029,0.17676978,-1.5753746,8.837891,0.0,0.0,TRIP048
2021-02-02 13:47:37,800006,0.17676978,-1.5753746,8.837891,0.0,0.0,TRIP048
2021-02-02 13:47:47,810018,0.17676978,-1.5753746,8.837891,0.0,0.0,TRIP048
2021-02-02 13:47:57,820013,0.17676978,-1.5753746,8.837891,0.0,0.0,TRIP048
2021-02-02 13:48:07,830005,0.17676978,-1.5753746,8.837891,0.0,0.0,TRIP048
2021-02-02 13:48:17,840006,0.17676978,-1.5753746,8.837891,0.0,0.0,TRIP048
2021-02-02 13:48:27,850006,0.17676978,-1.5753746,8.837891,0.0,0.0,TRIP048
2021-02-02 13:48:37,860014,0.17676978,-1.5753746,8.837891,0.0,0.0,TRIP048
2021-02-02 13:48:47,870005,0.17676978,-1.5753746,8.837891,0.0,0.0,TRIP048
2021-02-02 13:48:57,880005,0.17676978,-1.5753746,8.837891,0.0,0.0,TRIP048
2021-02-02 13:49:07,890038,0.17676978,-1.5753746,8.837891,0.0,0.0,TRIP048
2021-02-02 13:49:17,900036,0.17676978,-1.5753746,8.837891,0.0,0.0,TRIP048
2021-02-02 13:49:27,910005,0.17676978,-1.5753746,8.837891,0.0,0.0,TRIP048
2021-02-02 13:49:37,920035,0.17676978,-1.5753746,8.837891,0.0,0.0,TRIP048
2021-02-02 13:49:47,930009,0.17676978,-1.5753746,8.837891,0.0,0.0,TRIP048
2021-02-02 13:49:57,940006,0.17676978,-1.5753746,8.837891,0.0,0.0,TRIP048
2021-02-02 13:50:07,950017,0.17676978,-1.5753746,8.837891,0.0,0.0,TRIP048
2021-02-02 13:50:17,960016,0.17676978,-1.5753746,8.837891,0.0,0.0,TRIP048
2021-02-02 13:50:27,970035,0.17676978,-1.5753746,8.837891,0.0,0.0,TRIP048
2021-02-02 13:50:37,980017,0.17676978,-1.5753746,8.837891,0.0,0.0,TRIP048
2021-02-02 13:50:47,990035,0.17676978,-1.5753746,8.837891,0.0,0.0,TRIP048
2021-02-02 13:50:57,1000011,0.17676978,-1.5753746,8.837891,0.0,0.0,TRIP048
2021-02-02 13:51:07,1010016,0.17676978,-1.5753746,8.837891,0.0,0.0,TRIP048
2021-02-02 13:51:17,1020015,0.17676978,-1.5753746,8.837891,0.0,0.0,TRIP048
2021-02-02 13:51:27,1030034,0.17676978,-1.5753746,8.837891,0.0,0.0,TRIP048
2021-02-02 13:51:37,1040035,0.17676978,-1.5753746,8.837891,0.0,0.0,TRIP048
2021-02-02 13:51:52,1055352,0.17676978,-1.5753746,8.837891,0.0,0.0,TRIP048
2021-02-02 13:51:58,1060824,0.17676978,-1.5753746,8.837891,0.0,0.0,TRIP048
2021-02-03 10:18:45,2,-1.5622141,-1.1799606,9.750453,0.0,,TRIP049
2021-02-03 10:18:55,10003,-2.44367,-1.4147564,9.743275,0.0865815039596416,0.1220969612088267,TRIP049
2021-02-03 10:19:05,20003,-1.6749759,-1.7093726,10.126724,0.043044115178445,0.270765478786775,TRIP049
2021-02-03 10:19:15,30002,-3.272484,-2.0207388,9.599706,0.1453032644064863,0.2423778474966882,TRIP049
2021-02-03 10:19:25,40002,-4.5373898,-1.1033903,10.344471,0.0823516010004389,0.3146363460204702,TRIP049
2021-02-03 10:19:35,50003,-0.64965135,-0.212363,9.319446,0.3985744138767954,0.0773911784008398,TRIP049
2021-02-03 10:19:45,60002,-1.7778672,-1.6854445,9.920643,0.1766499684467114,0.4427800138739677,TRIP049
2021-02-03 10:19:55,70035,-2.312065,-0.85902333,9.278469,0.0016630602606776,0.4029849687135725,TRIP049
2021-02-03 10:20:05,80013,-1.6244274,-0.23389842,10.248758,0.0827127884875901,0.2127279659130376,TRIP049
2021-02-03 10:20:15,90035,-2.6976085,-0.6649056,9.970892,0.1134666636623744,0.098657317977957,TRIP049
2021-02-03 10:20:25,100034,-0.59671015,-1.9154545,9.848858,0.0772172963922666,1.0271381655233571,TRIP049
2021-02-03 10:20:35,110023,-1.2771691,-0.22432712,9.573085,0.0710308506085876,1.0949303390344278,TRIP049
2021-02-03 10:20:45,120011,-0.25184458,-1.7814565,9.985249,0.0503053426052362,1.256486448754957,TRIP049
2021-02-03 10:20:55,130033,-0.8772686,-1.5155541,10.313365,0.0047920899539081,0.3842785617699289,TRIP049
2021-02-03 10:21:05,140013,-0.8772686,-1.5155541,10.313365,0.0,0.0,TRIP049
2021-02-03 10:21:15,150003,-0.8772686,-1.5155541,10.313365,0.0,0.0,TRIP049
2021-02-03 10:21:25,160044,-0.8772686,-1.5155541,10.313365,0.0,0.0,TRIP049
2021-02-03 10:21:35,170032,-0.8772686,-1.5155541,10.313365,0.0,0.0,TRIP049
2021-02-03 10:21:45,180022,-0.8772686,-1.5155541,10.313365,0.0,0.0,TRIP049
2021-02-03 10:21:55,190002,-0.8772686,-1.5155541,10.313365,0.0,0.0,TRIP049
2021-02-03 10:22:05,200003,-0.8772686,-1.5155541,10.313365,0.0,0.0,TRIP049
2021-02-03 10:22:15,210023,-0.8772686,-1.5155541,10.313365,0.0,0.0,TRIP049
2021-02-03 10:22:25,220042,-0.8772686,-1.5155541,10.313365,0.0,0.0,TRIP049
2021-02-03 10:22:35,230003,-0.8772686,-1.5155541,10.313365,0.0,0.0,TRIP049
2021-02-03 10:22:45,240043,-0.8772686,-1.5155541,10.313365,0.0,0.0,TRIP049
2021-02-03 10:22:55,250025,-0.8772686,-1.5155541,10.313365,0.0,0.0,TRIP049
2021-02-03 10:23:05,260002,-0.8772686,-1.5155541,10.313365,0.0,0.0,TRIP049
2021-02-03 10:23:15,270023,-0.8772686,-1.5155541,10.313365,0.0,0.0,TRIP049
2021-02-03 10:23:25,280003,-0.8772686,-1.5155541,10.313365,0.0,0.0,TRIP049
2021-02-03 10:23:35,290013,-0.8772686,-1.5155541,10.313365,0.0,0.0,TRIP049
2021-02-03 10:23:45,300006,-0.8772686,-1.5155541,10.313365,0.0,0.0,TRIP049
2021-02-03 10:23:55,310041,-0.8772686,-1.5155541,10.313365,0.0,0.0,TRIP049
2021-02-03 10:24:05,320042,-0.8772686,-1.5155541,10.313365,0.0,0.0,TRIP049
2021-02-03 10:24:15,330014,-0.8772686,-1.5155541,10.313365,0.0,0.0,TRIP049
2021-02-03 10:24:25,340023,-0.8772686,-1.5155541,10.313365,0.0,0.0,TRIP049
2021-02-03 10:24:35,350014,-0.8772686,-1.5155541,10.313365,0.0,0.0,TRIP049
2021-02-03 10:24:45,360002,-0.8772686,-1.5155541,10.313365,0.0,0.0,TRIP049
2021-02-03 10:24:55,370032,-0.8772686,-1.5155541,10.313365,0.0,0.0,TRIP049
2021-02-03 10:25:05,380042,-0.8772686,-1.5155541,10.313365,0.0,0.0,TRIP049
2021-02-03 10:25:15,390042,-0.8772686,-1.5155541,10.313365,0.0,0.0,TRIP049
2021-02-03 10:25:25,400001,-0.8772686,-1.5155541,10.313365,0.0,0.0,TRIP049
2021-02-03 10:25:35,410003,-0.8772686,-1.5155541,10.313365,0.0,0.0,TRIP049
2021-02-03 10:25:45,420003,-0.8772686,-1.5155541,10.313365,0.0,0.0,TRIP049
2021-02-03 10:25:55,430005,-0.8772686,-1.5155541,10.313365,0.0,0.0,TRIP049
2021-02-03 10:26:05,440023,-0.8772686,-1.5155541,10.313365,0.0,0.0,TRIP049
2021-02-03 10:26:15,450043,-0.8772686,-1.5155541,10.313365,0.0,0.0,TRIP049
2021-02-03 10:26:25,460022,-0.8772686,-1.5155541,10.313365,0.0,0.0,TRIP049
2021-02-03 10:26:35,470003,-0.8772686,-1.5155541,10.313365,0.0,0.0,TRIP049
2021-02-03 10:26:45,480003,-0.8772686,-1.5155541,10.313365,0.0,0.0,TRIP049
2021-02-03 10:26:55,490043,-0.8772686,-1.5155541,10.313365,0.0,0.0,TRIP049
2021-02-03 10:27:05,500032,-0.8772686,-1.5155541,10.313365,0.0,0.0,TRIP049
2021-02-03 10:27:15,510032,-0.8772686,-1.5155541,10.313365,0.0,0.0,TRIP049
2021-02-03 10:27:25,520014,-0.8772686,-1.5155541,10.313365,0.0,0.0,TRIP049
2021-02-03 10:27:35,530027,-0.8772686,-1.5155541,10.313365,0.0,0.0,TRIP049
2021-02-03 10:27:45,540043,-0.8772686,-1.5155541,10.313365,0.0,0.0,TRIP049
2021-02-03 10:27:55,550041,-0.8772686,-1.5155541,10.313365,0.0,0.0,TRIP049
2021-02-03 10:28:05,560004,-0.8772686,-1.5155541,10.313365,0.0,0.0,TRIP049
2021-02-03 10:28:15,570023,-0.8772686,-1.5155541,10.313365,0.0,0.0,TRIP049
2021-02-03 10:28:25,580043,-0.8772686,-1.5155541,10.313365,0.0,0.0,TRIP049
2021-02-03 10:28:35,590019,-0.8772686,-1.5155541,10.313365,0.0,0.0,TRIP049
2021-02-03 10:28:45,600005,-0.8772686,-1.5155541,10.313365,0.0,0.0,TRIP049
2021-02-03 10:28:55,610043,-0.8772686,-1.5155541,10.313365,0.0,0.0,TRIP049
2021-02-03 10:29:05,620014,-0.8772686,-1.5155541,10.313365,0.0,0.0,TRIP049
2021-02-03 10:29:15,630023,-0.8772686,-1.5155541,10.313365,0.0,0.0,TRIP049
2021-02-03 10:29:25,640003,-0.8772686,-1.5155541,10.313365,0.0,0.0,TRIP049
2021-02-03 10:29:35,650002,-0.8772686,-1.5155541,10.313365,0.0,0.0,TRIP049
2021-02-03 10:29:45,660022,-0.8772686,-1.5155541,10.313365,0.0,0.0,TRIP049
2021-02-03 10:29:55,670043,-0.8772686,-1.5155541,10.313365,0.0,0.0,TRIP049
2021-02-03 10:30:05,680003,-0.8772686,-1.5155541,10.313365,0.0,0.0,TRIP049
2021-02-03 10:30:15,690037,-0.8772686,-1.5155541,10.313365,0.0,0.0,TRIP049
2021-02-03 10:30:25,700003,-0.8772686,-1.5155541,10.313365,0.0,0.0,TRIP049
2021-02-03 10:30:35,710031,-0.8772686,-1.5155541,10.313365,0.0,0.0,TRIP049
2021-02-03 10:30:45,720043,-0.8772686,-1.5155541,10.313365,0.0,0.0,TRIP049
2021-02-03 10:30:55,730001,-0.8772686,-1.5155541,10.313365,0.0,0.0,TRIP049
2021-02-03 10:31:05,740003,-0.8772686,-1.5155541,10.313365,0.0,0.0,TRIP049
2021-02-03 10:31:15,750013,-0.8772686,-1.5155541,10.313365,0.0,0.0,TRIP049
2021-02-03 10:31:25,760003,-0.8772686,-1.5155541,10.313365,0.0,0.0,TRIP049
2021-02-03 10:31:35,770043,-0.8772686,-1.5155541,10.313365,0.0,0.0,TRIP049
2021-02-03 10:31:45,780043,-0.8772686,-1.5155541,10.313365,0.0,0.0,TRIP049
2021-02-03 10:31:55,790042,-0.8772686,-1.5155541,10.313365,0.0,0.0,TRIP049
2021-02-03 10:32:05,800003,-0.8772686,-1.5155541,10.313365,0.0,0.0,TRIP049
2021-02-03 10:32:15,810021,-0.8772686,-1.5155541,10.313365,0.0,0.0,TRIP049
2021-02-03 10:32:25,820043,-0.8772686,-1.5155541,10.313365,0.0,0.0,TRIP049
2021-02-03 10:32:35,830002,-0.8772686,-1.5155541,10.313365,0.0,0.0,TRIP049
2021-02-03 10:32:45,840002,-0.8772686,-1.5155541,10.313365,0.0,0.0,TRIP049
2021-02-03 10:32:55,850043,-0.8772686,-1.5155541,10.313365,0.0,0.0,TRIP049
2021-02-03 10:33:05,860002,-0.8772686,-1.5155541,10.313365,0.0,0.0,TRIP049
2021-02-03 10:33:15,870042,-0.8772686,-1.5155541,10.313365,0.0,0.0,TRIP049
2021-02-03 10:33:25,880044,-0.8772686,-1.5155541,10.313365,0.0,0.0,TRIP049
2021-02-03 10:33:35,890032,-0.8772686,-1.5155541,10.313365,0.0,0.0,TRIP049
2021-02-03 10:33:45,900042,-0.8772686,-1.5155541,10.313365,0.0,0.0,TRIP049
2021-02-03 10:33:55,910021,-0.8772686,-1.5155541,10.313365,0.0,0.0,TRIP049
2021-02-03 10:34:05,920003,-0.8772686,-1.5155541,10.313365,0.0,0.0,TRIP049
2021-02-03 10:34:15,930043,-0.8772686,-1.5155541,10.313365,0.0,0.0,TRIP049
2021-02-03 10:34:25,940032,-0.8772686,-1.5155541,10.313365,0.0,0.0,TRIP049
2021-02-03 10:34:35,950042,-0.8772686,-1.5155541,10.313365,0.0,0.0,TRIP049
2021-02-03 10:34:45,960014,-0.8772686,-1.5155541,10.313365,0.0,0.0,TRIP049
2021-02-03 10:34:55,970043,-0.8772686,-1.5155541,10.313365,0.0,0.0,TRIP049
2021-02-03 10:35:05,980023,-0.8772686,-1.5155541,10.313365,0.0,0.0,TRIP049
2021-02-03 10:35:15,990032,-0.8772686,-1.5155541,10.313365,0.0,0.0,TRIP049
2021-02-03 10:35:25,1000014,-0.8772686,-1.5155541,10.313365,0.0,0.0,TRIP049
2021-02-03 10:35:35,1010043,-0.8772686,-1.5155541,10.313365,0.0,0.0,TRIP049
2021-02-03 10:35:45,1020002,-0.8772686,-1.5155541,10.313365,0.0,0.0,TRIP049
2021-02-03 10:35:55,1030005,-0.8772686,-1.5155541,10.313365,0.0,0.0,TRIP049
2021-02-03 10:36:05,1040043,-0.8772686,-1.5155541,10.313365,0.0,0.0,TRIP049
2021-02-03 10:36:15,1050013,-0.8772686,-1.5155541,10.313365,0.0,0.0,TRIP049
2021-02-03 10:36:25,1060043,-0.8772686,-1.5155541,10.313365,0.0,0.0,TRIP049
2021-02-03 10:36:35,1070032,-0.8772686,-1.5155541,10.313365,0.0,0.0,TRIP049
2021-02-03 10:36:45,1080035,-0.8772686,-1.5155541,10.313365,0.0,0.0,TRIP049
2021-02-03 10:36:55,1090024,-0.8772686,-1.5155541,10.313365,0.0,0.0,TRIP049
2021-02-03 10:37:05,1100032,-0.8772686,-1.5155541,10.313365,0.0,0.0,TRIP049
2021-02-03 10:37:15,1110026,-0.8772686,-1.5155541,10.313365,0.0,0.0,TRIP049
2021-02-03 10:37:25,1120042,-0.8772686,-1.5155541,10.313365,0.0,0.0,TRIP049
2021-02-03 10:37:35,1130003,-0.8772686,-1.5155541,10.313365,0.0,0.0,TRIP049
2021-02-03 10:37:45,1140004,-0.8772686,-1.5155541,10.313365,0.0,0.0,TRIP049
2021-02-03 10:37:55,1150014,-0.8772686,-1.5155541,10.313365,0.0,0.0,TRIP049
2021-02-03 10:38:05,1160002,-0.8772686,-1.5155541,10.313365,0.0,0.0,TRIP049
2021-02-03 10:38:15,1170002,-0.8772686,-1.5155541,10.313365,0.0,0.0,TRIP049
2021-02-03 10:38:25,1180042,-0.8772686,-1.5155541,10.313365,0.0,0.0,TRIP049
2021-02-03 10:38:35,1190043,-0.8772686,-1.5155541,10.313365,0.0,0.0,TRIP049
2021-02-03 10:38:45,1200013,-0.8772686,-1.5155541,10.313365,0.0,0.0,TRIP049
2021-02-03 10:38:55,1210044,-0.8772686,-1.5155541,10.313365,0.0,0.0,TRIP049
2021-02-03 10:39:05,1220026,-0.8772686,-1.5155541,10.313365,0.0,0.0,TRIP049
2021-02-03 10:39:15,1230027,-0.8772686,-1.5155541,10.313365,0.0,0.0,TRIP049
2021-02-03 10:39:25,1240043,-0.8772686,-1.5155541,10.313365,0.0,0.0,TRIP049
2021-02-03 10:39:35,1250003,-0.8772686,-1.5155541,10.313365,0.0,0.0,TRIP049
2021-02-03 10:39:45,1260043,-0.8772686,-1.5155541,10.313365,0.0,0.0,TRIP049
2021-02-03 10:39:55,1270004,-0.8772686,-1.5155541,10.313365,0.0,0.0,TRIP049
2021-02-03 10:40:05,1280014,-0.8772686,-1.5155541,10.313365,0.0,0.0,TRIP049
2021-02-03 10:40:15,1290043,-0.8772686,-1.5155541,10.313365,0.0,0.0,TRIP049
2021-02-03 10:40:25,1300033,-0.8772686,-1.5155541,10.313365,0.0,0.0,TRIP049
2021-02-03 10:40:35,1310008,-0.8772686,-1.5155541,10.313365,0.0,0.0,TRIP049
2021-02-03 10:40:45,1320043,-0.8772686,-1.5155541,10.313365,0.0,0.0,TRIP049
2021-02-03 10:40:55,1330003,-0.8772686,-1.5155541,10.313365,0.0,0.0,TRIP049
2021-02-03 10:41:05,1340023,-0.8772686,-1.5155541,10.313365,0.0,0.0,TRIP049
2021-02-03 10:41:15,1350033,-0.8772686,-1.5155541,10.313365,0.0,0.0,TRIP049
2021-02-03 10:41:25,1360043,-0.8772686,-1.5155541,10.313365,0.0,0.0,TRIP049
2021-02-03 10:41:35,1370043,-0.8772686,-1.5155541,10.313365,0.0,0.0,TRIP049
2021-02-03 10:41:45,1380043,-0.8772686,-1.5155541,10.313365,0.0,0.0,TRIP049
2021-02-03 10:41:55,1390023,-0.8772686,-1.5155541,10.313365,0.0,0.0,TRIP049
2021-02-03 10:42:05,1400042,-0.8772686,-1.5155541,10.313365,0.0,0.0,TRIP049
2021-02-03 10:42:15,1410023,-0.8772686,-1.5155541,10.313365,0.0,0.0,TRIP049
2021-02-03 10:42:25,1420002,-0.8772686,-1.5155541,10.313365,0.0,0.0,TRIP049
2021-02-03 10:42:35,1430014,-0.8772686,-1.5155541,10.313365,0.0,0.0,TRIP049
2021-02-03 10:42:45,1440043,-0.8772686,-1.5155541,10.313365,0.0,0.0,TRIP049
2021-02-03 10:42:55,1450009,-0.8772686,-1.5155541,10.313365,0.0,0.0,TRIP049
2021-02-03 10:43:05,1460008,-0.8772686,-1.5155541,10.313365,0.0,0.0,TRIP049
2021-02-03 10:43:15,1470003,-0.8772686,-1.5155541,10.313365,0.0,0.0,TRIP049
2021-02-03 10:43:25,1480043,-0.8772686,-1.5155541,10.313365,0.0,0.0,TRIP049
2021-02-03 10:43:35,1490043,-0.8772686,-1.5155541,10.313365,0.0,0.0,TRIP049
2021-02-03 10:43:45,1500043,-0.8772686,-1.5155541,10.313365,0.0,0.0,TRIP049
2021-02-03 10:43:55,1510025,-0.8772686,-1.5155541,10.313365,0.0,0.0,TRIP049
2021-02-03 10:44:05,1520045,-0.8772686,-1.5155541,10.313365,0.0,0.0,TRIP049
2021-02-03 10:44:15,1530043,-0.8772686,-1.5155541,10.313365,0.0,0.0,TRIP049
2021-02-03 10:44:25,1540003,-0.8772686,-1.5155541,10.313365,0.0,0.0,TRIP049
2021-02-03 10:44:35,1550003,-0.8772686,-1.5155541,10.313365,0.0,0.0,TRIP049
2021-02-03 10:44:45,1560003,-0.8772686,-1.5155541,10.313365,0.0,0.0,TRIP049
2021-02-03 10:44:55,1570003,-0.8772686,-1.5155541,10.313365,0.0,0.0,TRIP049
2021-02-03 10:45:05,1580002,-0.8772686,-1.5155541,10.313365,0.0,0.0,TRIP049
2021-02-03 10:45:15,1590031,-0.8772686,-1.5155541,10.313365,0.0,0.0,TRIP049
2021-02-03 10:45:25,1600003,-0.8772686,-1.5155541,10.313365,0.0,0.0,TRIP049
2021-02-03 10:45:35,1610014,-0.8772686,-1.5155541,10.313365,0.0,0.0,TRIP049
2021-02-03 10:45:45,1620013,-0.8772686,-1.5155541,10.313365,0.0,0.0,TRIP049
2021-02-03 10:45:55,1630033,-0.8772686,-1.5155541,10.313365,0.0,0.0,TRIP049
2021-02-03 10:46:05,1640005,-0.8772686,-1.5155541,10.313365,0.0,0.0,TRIP049
2021-02-03 10:46:15,1650043,-0.8772686,-1.5155541,10.313365,0.0,0.0,TRIP049
2021-02-03 10:46:25,1660035,-0.8772686,-1.5155541,10.313365,0.0,0.0,TRIP049
2021-02-03 10:46:35,1670042,-0.8772686,-1.5155541,10.313365,0.0,0.0,TRIP049
2021-02-03 10:46:45,1680022,-0.8772686,-1.5155541,10.313365,0.0,0.0,TRIP049
2021-02-03 10:46:55,1690021,-0.8772686,-1.5155541,10.313365,0.0,0.0,TRIP049
2021-02-03 10:47:05,1700033,-0.8772686,-1.5155541,10.313365,0.0,0.0,TRIP049
2021-02-03 10:47:15,1710042,-0.8772686,-1.5155541,10.313365,0.0,0.0,TRIP049
2021-02-03 10:47:25,1720003,-0.8772686,-1.5155541,10.313365,0.0,0.0,TRIP049
2021-02-03 10:47:35,1730014,-0.8772686,-1.5155541,10.313365,0.0,0.0,TRIP049
2021-02-03 10:47:45,1740043,-0.8772686,-1.5155541,10.313365,0.0,0.0,TRIP049
2021-02-03 10:47:55,1750034,-0.8772686,-1.5155541,10.313365,0.0,0.0,TRIP049
2021-02-03 10:48:05,1760043,-0.8772686,-1.5155541,10.313365,0.0,0.0,TRIP049
2021-02-03 10:48:15,1770012,-2.5995028,1.5317056,10.8714905,0.1270000048438261,4.704644030522498,TRIP049
